<?xml version="1.0" encoding="UTF-8"?>
<AC_AWARD_CRIT>
	<AC code="1">
		<elem lg="BG">1: Най-ниска цена</elem>
		<elem lg="CS">1: Nejnižší cena</elem>
		<elem lg="DA">1: Den laveste pris</elem>
		<elem lg="DE">1: Niedrigster Preis</elem>
		<elem lg="EL">1: Η χαμηλότερη τιμή</elem>
		<elem lg="EN">1: Lowest price</elem>
		<elem lg="ES">1: Precio más bajo</elem>
		<elem lg="ET">1: Madalaim hind</elem>
		<elem lg="FI">1: Alin hinta</elem>
		<elem lg="FR">1: Prix le plus bas</elem>
		<elem lg="GA">1: Praghas is ísle</elem>
		<elem lg="HR">1: Najniža cijena</elem>
		<elem lg="HU">1: A legalacsonyabb összegű ellenszolgáltatás</elem>
		<elem lg="IT">1: Prezzo più basso</elem>
		<elem lg="LT">1: Žemiausia kaina</elem>
		<elem lg="LV">1: Zemākā cena</elem>
		<elem lg="MT">1: L-irħas prezz</elem>
		<elem lg="NL">1: Laagste prijs</elem>
		<elem lg="PL">1: Najniższa cena</elem>
		<elem lg="PT">1: Preço menos elevado</elem>
		<elem lg="RO">1: Cel mai mic preţ</elem>
		<elem lg="SK">1: Najnižšia cena</elem>
		<elem lg="SL">1: Najnižja cena</elem>
		<elem lg="SV">1: Lägsta pris</elem>
	</AC>
	<AC code="2">
		<elem lg="BG">2: Икономически най-изгодната оферта</elem>
		<elem lg="CS">2: Hospodářsky nejvýhodnější nabídka</elem>
		<elem lg="DA">2: Det økonomisk mest fordelagtige bud</elem>
		<elem lg="DE">2: Wirtschaftlichstes Angebot</elem>
		<elem lg="EL">2: Η πλέον συμφέρουσα οικονομικώς προσφορά</elem>
		<elem lg="EN">2: The most economic tender</elem>
		<elem lg="ES">2: Oferta más económica</elem>
		<elem lg="ET">2: Majanduslikult soodsaim pakkumine</elem>
		<elem lg="FI">2: Kokonaistaloudellisesti edullisin tarjous</elem>
		<elem lg="FR">2: Offre la plus économique</elem>
		<elem lg="GA">2: Forthairiscint is eacnamaíche</elem>
		<elem lg="HR">2: Ekonomski najpovoljnija ponuda</elem>
		<elem lg="HU">2: Az öszességében legelőnyösebb ajánlat</elem>
		<elem lg="IT">2: Offerta economicamente più vantaggiosa</elem>
		<elem lg="LT">2: Ekonomiškiausias pasiūlymas</elem>
		<elem lg="LV">2: Saimnieciski visizdevīgākais piedāvājums</elem>
		<elem lg="MT">2: L-aktar offerta ekonomika</elem>
		<elem lg="NL">2: Uit economisch oogpunt voordeligste inschrijving</elem>
		<elem lg="PL">2: Oferta najbardziej korzystna ekonomicznie</elem>
		<elem lg="PT">2: Proposta economicamente mais vantajosa</elem>
		<elem lg="RO">2: Oferta cea mai avantajoasă din punct de vedere economic</elem>
		<elem lg="SK">2: Ekonomicky najvýhodnejšia ponuka</elem>
		<elem lg="SL">2: Ekonomsko najugodnejša ponudba</elem>
		<elem lg="SV">2: Det ekonomiskt mest fördelaktiga</elem>
	</AC>
	<AC code="3">
		<elem lg="BG">3: От смесен тип</elem>
		<elem lg="CS">3: Smíšené</elem>
		<elem lg="DA">3: Blandet</elem>
		<elem lg="DE">3: Gemischt</elem>
		<elem lg="EL">3: Μεικτός</elem>
		<elem lg="EN">3: Mixed</elem>
		<elem lg="ES">3: Mixto</elem>
		<elem lg="ET">3: Segatüüpi</elem>
		<elem lg="FI">3: Sekamuotoiset hankintasopimukset</elem>
		<elem lg="FR">3: Mixte</elem>
		<elem lg="GA">3: Measctha</elem>
		<elem lg="HR">3: Mješoviti</elem>
		<elem lg="HU">3: Vegyes</elem>
		<elem lg="IT">3: Misto</elem>
		<elem lg="LT">3: Mišrus</elem>
		<elem lg="LV">3: Jaukta tipa</elem>
		<elem lg="MT">3: Taħlita</elem>
		<elem lg="NL">3: Gemengd</elem>
		<elem lg="PL">3: Mieszane</elem>
		<elem lg="PT">3: Misto</elem>
		<elem lg="RO">3: Mixt</elem>
		<elem lg="SK">3: Zmiešané</elem>
		<elem lg="SL">3: V mešani lasti</elem>
		<elem lg="SV">3: Blandat</elem>
	</AC>
	<AC code="8">
		<elem lg="BG">8: Друго</elem>
		<elem lg="CS">8: Jiné</elem>
		<elem lg="DA">8: Andre</elem>
		<elem lg="DE">8: Andere</elem>
		<elem lg="EL">8: Λοιπά</elem>
		<elem lg="EN">8: Other</elem>
		<elem lg="ES">8: Otra</elem>
		<elem lg="ET">8: Muu</elem>
		<elem lg="FI">8: Muut</elem>
		<elem lg="FR">8: Autres</elem>
		<elem lg="GA">8: Eile</elem>
		<elem lg="HR">8: Drugo</elem>
		<elem lg="HU">8: Egyéb</elem>
		<elem lg="IT">8: Altro</elem>
		<elem lg="LT">8: Kita</elem>
		<elem lg="LV">8: Citi</elem>
		<elem lg="MT">8: Ieħor</elem>
		<elem lg="NL">8: Andere</elem>
		<elem lg="PL">8: Inne</elem>
		<elem lg="PT">8: Outras</elem>
		<elem lg="RO">8: Altele</elem>
		<elem lg="SK">8: Iné</elem>
		<elem lg="SL">8: Drugo</elem>
		<elem lg="SV">8: Andra</elem>
	</AC>
	<AC code="9">
		<elem lg="BG">9: Не е приложимо</elem>
		<elem lg="CS">9: Nehodící se</elem>
		<elem lg="DA">9: Finder ikke anvendelse</elem>
		<elem lg="DE">9: Entfällt</elem>
		<elem lg="EL">9: Άνευ αντικειμένου</elem>
		<elem lg="EN">9: Not applicable</elem>
		<elem lg="ES">9: No procede</elem>
		<elem lg="ET">9: Ei kohaldata</elem>
		<elem lg="FI">9: Ei sovelleta</elem>
		<elem lg="FR">9: Sans objet</elem>
		<elem lg="GA">9: Neamhbhainteach</elem>
		<elem lg="HR">9: Ne primjenjuje se</elem>
		<elem lg="HU">9: Nem alkalmazható</elem>
		<elem lg="IT">9: Non applicabile</elem>
		<elem lg="LT">9: Negalioja</elem>
		<elem lg="LV">9: Netiek piemērots</elem>
		<elem lg="MT">9: Mhux applikabbli</elem>
		<elem lg="NL">9: Niet van toepassing</elem>
		<elem lg="PL">9: Nie dotyczy</elem>
		<elem lg="PT">9: Não consta</elem>
		<elem lg="RO">9: Nu se aplică</elem>
		<elem lg="SK">9: Nehodiace sa</elem>
		<elem lg="SL">9: Ni znano</elem>
		<elem lg="SV">9: Ingen uppgift</elem>
	</AC>
	<AC code="Z">
		<elem lg="BG">Z: Не е уточнено</elem>
		<elem lg="CS">Z: Neurčeno</elem>
		<elem lg="DA">Z: Uspecificeret</elem>
		<elem lg="DE">Z: Unbestimmt</elem>
		<elem lg="EL">Z: Δεν διευκρινίζεται</elem>
		<elem lg="EN">Z: Not specified</elem>
		<elem lg="ES">Z: Sin especificar</elem>
		<elem lg="ET">Z: Ei ole määratletud</elem>
		<elem lg="FI">Z: Ei määritelty</elem>
		<elem lg="FR">Z: Non spécifié</elem>
		<elem lg="GA">Z: Neamhshonraithe</elem>
		<elem lg="HR">Z: Nije navedeno</elem>
		<elem lg="HU">Z: Nincs megjelölve</elem>
		<elem lg="IT">Z: Non specificato</elem>
		<elem lg="LT">Z: Nenurodyta</elem>
		<elem lg="LV">Z: Nav</elem>
		<elem lg="MT">Z: Mhux speċifikat</elem>
		<elem lg="NL">Z: Niet gespecificeerd</elem>
		<elem lg="PL">Z: Nie określono</elem>
		<elem lg="PT">Z: Não especificado</elem>
		<elem lg="RO">Z: Nu se specifică</elem>
		<elem lg="SK">Z: Neurčené</elem>
		<elem lg="SL">Z: Ni navedeno</elem>
		<elem lg="SV">Z: Ospecificerat</elem>
	</AC>
</AC_AWARD_CRIT>
