<?xml version="1.0" encoding="UTF-8"?>
<MARKET>
	<NC code="1">
		<elem lg="BG">1: Строителство</elem>
		<elem lg="CS">1: Stavební práce</elem>
		<elem lg="DA">1: Bygge og anlæg</elem>
		<elem lg="DE">1: Bauleistung</elem>
		<elem lg="EL">1: Έργα</elem>
		<elem lg="EN">1: Works</elem>
		<elem lg="ES">1: Obras</elem>
		<elem lg="ET">1: Ehitustööde hankelepingud</elem>
		<elem lg="FI">1: Urakat</elem>
		<elem lg="FR">1: Marché de travaux</elem>
		<elem lg="GA">1: Oibreacha</elem>
		<elem lg="HR">1: Radovi</elem>
		<elem lg="HU">1: Építési beruházás</elem>
		<elem lg="IT">1: Lavori</elem>
		<elem lg="LT">1: darbai</elem>
		<elem lg="LV">1: Būvdarbi</elem>
		<elem lg="MT">1: Xogħlijiet</elem>
		<elem lg="NL">1: Werken</elem>
		<elem lg="PL">1: Roboty budowlane</elem>
		<elem lg="PT">1: Obras</elem>
		<elem lg="RO">1: Lucrări</elem>
		<elem lg="SK">1: Práce</elem>
		<elem lg="SL">1: Gradnje</elem>
		<elem lg="SV">1: Byggentreprenader</elem>
	</NC>
	<NC code="2">
		<elem lg="BG">2: Доставки</elem>
		<elem lg="CS">2: Dodávky</elem>
		<elem lg="DA">2: Varer</elem>
		<elem lg="DE">2: Lieferungen</elem>
		<elem lg="EL">2: Προμήθειες</elem>
		<elem lg="EN">2: Supplies</elem>
		<elem lg="ES">2: Suministros</elem>
		<elem lg="ET">2: Tarned</elem>
		<elem lg="FI">2: Tavarat</elem>
		<elem lg="FR">2: Fournitures</elem>
		<elem lg="GA">2: Soláthairtí</elem>
		<elem lg="HR">2: Roba</elem>
		<elem lg="HU">2: Árubeszerzések</elem>
		<elem lg="IT">2: Forniture</elem>
		<elem lg="LT">2: Prekės</elem>
		<elem lg="LV">2: Piegādes</elem>
		<elem lg="MT">2: Fornituri</elem>
		<elem lg="NL">2: Leveringen</elem>
		<elem lg="PL">2: Dostawy</elem>
		<elem lg="PT">2: Fornecimentos</elem>
		<elem lg="RO">2: Bunuri</elem>
		<elem lg="SK">2: Dodávky</elem>
		<elem lg="SL">2: Blago</elem>
		<elem lg="SV">2: Varor</elem>
	</NC>
	<NC code="3">
		<elem lg="BG">3: Комбинирани договори</elem>
		<elem lg="CS">3: Kombinované smlouvy</elem>
		<elem lg="DA">3: Kombinerede kontrakter</elem>
		<elem lg="DE">3: Kombiniert Verträge</elem>
		<elem lg="EL">3: Σε συνδυασμό συμβάσεις</elem>
		<elem lg="EN">3: Combined</elem>
		<elem lg="ES">3: Contratos combinados</elem>
		<elem lg="ET">3: Kombineeritud lepingud</elem>
		<elem lg="FI">3: Yhdistetty sopimukset</elem>
		<elem lg="FR">3: Contrats combinés</elem>
		<elem lg="GA">3: Conarthaí Chomhcheangailte</elem>
		<elem lg="HR">3: Kombinirani ugovori</elem>
		<elem lg="HU">3: Kombinált szerződések</elem>
		<elem lg="IT">3: Appalti misti</elem>
		<elem lg="LT">3: Kombinuoti sutartys</elem>
		<elem lg="LV">3: Kombinētie līgumi</elem>
		<elem lg="MT">3: Kuntratti magħquda</elem>
		<elem lg="NL">3: Gecombineerd contracten</elem>
		<elem lg="PL">3: Połączone kontrakty</elem>
		<elem lg="PT">3: Contratos combinados</elem>
		<elem lg="RO">3: Contracte combinate</elem>
		<elem lg="SK">3: Kombinované zmluvy</elem>
		<elem lg="SL">3: Kombinirane pogodbe</elem>
		<elem lg="SV">3: Kombinerade kontrakt</elem>
	</NC>
	<NC code="4">
		<elem lg="BG">4: Услуги</elem>
		<elem lg="CS">4: Služby</elem>
		<elem lg="DA">4: Tjenesteydelser</elem>
		<elem lg="DE">4: Dienstleistungen</elem>
		<elem lg="EL">4: Υπηρεσίες</elem>
		<elem lg="EN">4: Services</elem>
		<elem lg="ES">4: Servicios</elem>
		<elem lg="ET">4: Teenused</elem>
		<elem lg="FI">4: Palvelut</elem>
		<elem lg="FR">4: Services</elem>
		<elem lg="GA">4: Seirbhísí</elem>
		<elem lg="HR">4: Usluge</elem>
		<elem lg="HU">4: Szolgáltatások</elem>
		<elem lg="IT">4: Servizi</elem>
		<elem lg="LT">4: Paslaugos</elem>
		<elem lg="LV">4: Pakalpojumi</elem>
		<elem lg="MT">4: Servizzi</elem>
		<elem lg="NL">4: Diensten</elem>
		<elem lg="PL">4: Usługi</elem>
		<elem lg="PT">4: Serviços</elem>
		<elem lg="RO">4: Servicii</elem>
		<elem lg="SK">4: Služby</elem>
		<elem lg="SL">4: Storitve</elem>
		<elem lg="SV">4: Tjänster</elem>
	</NC>
	<NC code="9">
		<elem lg="BG">9: Не е проложимо</elem>
		<elem lg="CS">9: Nehodící se</elem>
		<elem lg="DA">9: Finder ikke anvendelse</elem>
		<elem lg="DE">9: Entfällt</elem>
		<elem lg="EL">9: Άνευ αντικειμένου</elem>
		<elem lg="EN">9: Not applicable</elem>
		<elem lg="ES">9: No procede</elem>
		<elem lg="ET">9: Ei kohaldata</elem>
		<elem lg="FI">9: Ei sovelleta</elem>
		<elem lg="FR">9: Sans objet</elem>
		<elem lg="GA">9: Neamhbhainteach</elem>
		<elem lg="HR">9: Ne primjenjuje se</elem>
		<elem lg="HU">9: Nem alkalmazható</elem>
		<elem lg="IT">9: Non applicabile</elem>
		<elem lg="LT">9: Netaikoma</elem>
		<elem lg="LV">9: Nav</elem>
		<elem lg="MT">9: Ma japplikax</elem>
		<elem lg="NL">9: Niet van toepassing</elem>
		<elem lg="PL">9: Nie dotyczy</elem>
		<elem lg="PT">9: Não consta</elem>
		<elem lg="RO">9: Nu se aplică</elem>
		<elem lg="SK">9: Neuplatniteľné</elem>
		<elem lg="SL">9: Ni primerno</elem>
		<elem lg="SV">9: Ej tillämpligt</elem>
	</NC>
	<NC code="Z">
		<elem lg="BG">Z: Не е уточнено</elem>
		<elem lg="CS">Z: Neurčeno</elem>
		<elem lg="DA">Z: Uspecificeret</elem>
		<elem lg="DE">Z: Unbestimmt</elem>
		<elem lg="EL">Z: Δεν διευκρινίζεται</elem>
		<elem lg="EN">Z: Not specified</elem>
		<elem lg="ES">Z: Sin especificar</elem>
		<elem lg="ET">Z: Ei ole määratletud</elem>
		<elem lg="FI">Z: Ei määritelty</elem>
		<elem lg="FR">Z: Non spécifié</elem>
		<elem lg="GA">Z: Neamhshonraithe</elem>
		<elem lg="HR">Z: Nije navedeno</elem>
		<elem lg="HU">Z: Nincs megjelölve</elem>
		<elem lg="IT">Z: Non specificato</elem>
		<elem lg="LT">Z: Nenurodyta</elem>
		<elem lg="LV">Z: Nav</elem>
		<elem lg="MT">Z: Mhux speċifikat</elem>
		<elem lg="NL">Z: Niet gespecificeerd</elem>
		<elem lg="PL">Z: Nie określono</elem>
		<elem lg="PT">Z: Não especificado</elem>
		<elem lg="RO">Z: Nu se specifică</elem>
		<elem lg="SK">Z: Neurčené</elem>
		<elem lg="SL">Z: Ni navedeno</elem>
		<elem lg="SV">Z: Ospecificerat</elem>
	</NC>
</MARKET>
