<?xml version="1.0" encoding="UTF-8"?>
<MAIN_ACTIVITIES>
	<MA code="8">
		<elem lg="BG">8: Друго</elem>
		<elem lg="CS">8: Jiné</elem>
		<elem lg="DA">8: Andre</elem>
		<elem lg="DE">8: Andere</elem>
		<elem lg="EL">8: Λοιπά</elem>
		<elem lg="EN">8: Other</elem>
		<elem lg="ES">8: Otra</elem>
		<elem lg="ET">8: Muu</elem>
		<elem lg="FI">8: Muut</elem>
		<elem lg="FR">8: Autres</elem>
		<elem lg="GA">8: Eile</elem>
		<elem lg="HR">8: Drugo</elem>
		<elem lg="HU">8: Egyéb</elem>
		<elem lg="IT">8: Altro</elem>
		<elem lg="LT">8: Kita</elem>
		<elem lg="LV">8: Citi</elem>
		<elem lg="MT">8: Ieħor</elem>
		<elem lg="NL">8: Andere</elem>
		<elem lg="PL">8: Inne</elem>
		<elem lg="PT">8: Outras</elem>
		<elem lg="RO">8: Altele</elem>
		<elem lg="SK">8: Iné</elem>
		<elem lg="SL">8: Drugo</elem>
		<elem lg="SV">8: Andra</elem>
	</MA>
	<MA code="9">
		<elem lg="BG">9: Не е приложимо</elem>
		<elem lg="CS">9: Nehodící se</elem>
		<elem lg="DA">9: Finder ikke anvendelse</elem>
		<elem lg="DE">9: Entfällt</elem>
		<elem lg="EL">9: Άνευ αντικειμένου</elem>
		<elem lg="EN">9: Not applicable</elem>
		<elem lg="ES">9: No procede</elem>
		<elem lg="ET">9: Ei kohaldata</elem>
		<elem lg="FI">9: Ei sovelleta</elem>
		<elem lg="FR">9: Sans objet</elem>
		<elem lg="GA">9: Neamhbhainteach</elem>
		<elem lg="HR">9: Ne primjenjuje se</elem>
		<elem lg="HU">9: Nem alkalmazható</elem>
		<elem lg="IT">9: Non applicabile</elem>
		<elem lg="LT">9: Negalioja</elem>
		<elem lg="LV">9: Netiek piemērots</elem>
		<elem lg="MT">9: Mhux applikabbli</elem>
		<elem lg="NL">9: Niet van toepassing</elem>
		<elem lg="PL">9: Nie dotyczy</elem>
		<elem lg="PT">9: Não consta</elem>
		<elem lg="RO">9: Nu se aplică</elem>
		<elem lg="SK">9: Nehodiace sa</elem>
		<elem lg="SL">9: Ni znano</elem>
		<elem lg="SV">9: Ingen uppgift</elem>
	</MA>
	<MA code="A">
		<elem lg="BG">A: настаняване/жилищно строителство и места за отдих и култура</elem>
		<elem lg="CS">A: Bydlení a občanská vybavenost</elem>
		<elem lg="DA">A: Boliger og offentlige faciliteter</elem>
		<elem lg="DE">A: Wohnungswesen und kommunale Einrichtungen</elem>
		<elem lg="EL">A: Στέγαση και υποδομές κοινής ωφέλειας</elem>
		<elem lg="EN">A: Housing and community amenities</elem>
		<elem lg="ES">A: Vivienda y servicios para la colectividad</elem>
		<elem lg="ET">A: Elamu- ja kommunaalmajandus</elem>
		<elem lg="FI">A: Asuminen ja yhdyskuntapalvelut</elem>
		<elem lg="FR">A: Logement et équipements collectifs</elem>
		<elem lg="GA">A: Conláistí tithíochta agus pobail</elem>
		<elem lg="HR">A: Stanovanje i prateći sadržaji</elem>
		<elem lg="HU">A: Lakásszolgáltatás és közösségi rekreáció</elem>
		<elem lg="IT">A: Abitazioni e assetto territoriale</elem>
		<elem lg="LT">A: Būsto ir komunaliniai patogumai</elem>
		<elem lg="LV">A: Dzīvokļu un komunālā saimniecība</elem>
		<elem lg="MT">A: Djar u l-bżonnijiet tal-komunità</elem>
		<elem lg="NL">A: Huisvesting en gemeenschappelijke voorzieningen</elem>
		<elem lg="PL">A: Budownictwo i obiekty komunalne</elem>
		<elem lg="PT">A: Habitação e equipamentos da colectividade</elem>
		<elem lg="RO">A: Construcţii şi amenajări teritoriale</elem>
		<elem lg="SK">A: Bývanie a občianska vybavenosť</elem>
		<elem lg="SL">A: Stanovanjske zadeve in prostorsko planiranje</elem>
		<elem lg="SV">A: Bostadsförsörjning och samhällsutveckling</elem>
	</MA>
	<MA code="B">
		<elem lg="BG">B: социална закрила</elem>
		<elem lg="CS">B: Sociální služby</elem>
		<elem lg="DA">B: Social beskyttelse</elem>
		<elem lg="DE">B: Sozialschutz</elem>
		<elem lg="EL">B: Κοινωνική προστασία</elem>
		<elem lg="EN">B: Social protection</elem>
		<elem lg="ES">B: Protección social</elem>
		<elem lg="ET">B: Sotsiaalkaitse</elem>
		<elem lg="FI">B: Sosiaaliturva</elem>
		<elem lg="FR">B: Protection sociale</elem>
		<elem lg="GA">B: Cosaint shóisialta</elem>
		<elem lg="HR">B: Socijalna skrb</elem>
		<elem lg="HU">B: Szociális védelem</elem>
		<elem lg="IT">B: Protezione sociale</elem>
		<elem lg="LT">B: Socialinė apsauga</elem>
		<elem lg="LV">B: Sociālā aizsardzība</elem>
		<elem lg="MT">B: Ħarsien soċjali</elem>
		<elem lg="NL">B: Sociale bescherming</elem>
		<elem lg="PL">B: Ochrona socjalna</elem>
		<elem lg="PT">B: Protecção social</elem>
		<elem lg="RO">B: Protecţie socială</elem>
		<elem lg="SK">B: Sociálna starostlivosť</elem>
		<elem lg="SL">B: Socialno varstvo</elem>
		<elem lg="SV">B: Social trygghet</elem>
	</MA>
	<MA code="C">
		<elem lg="BG">C: отдих, култура и вероизповедание</elem>
		<elem lg="CS">C: Rekreace, kultura a náboženství</elem>
		<elem lg="DA">C: Fritid, kultur og religion</elem>
		<elem lg="DE">C: Freizeit, Kultur und Religion</elem>
		<elem lg="EL">C: Αναψυχή, πολιτισμός και θρησκεία</elem>
		<elem lg="EN">C: Recreation, culture and religion</elem>
		<elem lg="ES">C: Ocio, cultura y religión</elem>
		<elem lg="ET">C: Vaba aeg, kultuur ja religioon</elem>
		<elem lg="FI">C: Virkistys, kulttuuri ja uskonto</elem>
		<elem lg="FR">C: Loisirs, culture et religion</elem>
		<elem lg="GA">C: Áineas, cultúr agus reiligiún</elem>
		<elem lg="HR">C: Rekreacija, kultura i religija</elem>
		<elem lg="HU">C: Szabadidő, kultúra és vallás</elem>
		<elem lg="IT">C: Ricreazione, cultura e religione</elem>
		<elem lg="LT">C: Laisvalaikis, kultūra ir religija</elem>
		<elem lg="LV">C: Atpūta, kultūra un reliģija</elem>
		<elem lg="MT">C: Rikreazzjoni, kultura u reliġjon</elem>
		<elem lg="NL">C: Recreatie, cultuur en religie</elem>
		<elem lg="PL">C: Rekreacja, kultura i religia</elem>
		<elem lg="PT">C: Actividades recreativas, cultura e religião</elem>
		<elem lg="RO">C: Recreere, cultură şi religie</elem>
		<elem lg="SK">C: Rekreácia, kultúra a náboženstvo</elem>
		<elem lg="SL">C: Rekreacija, kultura in religija</elem>
		<elem lg="SV">C: Fritidsverksamhet, kultur och religion</elem>
	</MA>
	<MA code="D">
		<elem lg="BG">D: отбрана</elem>
		<elem lg="CS">D: Obrana</elem>
		<elem lg="DA">D: Forsvar</elem>
		<elem lg="DE">D: Verteidigung</elem>
		<elem lg="EL">D: Άμυνα</elem>
		<elem lg="EN">D: Defence</elem>
		<elem lg="ES">D: Defensa</elem>
		<elem lg="ET">D: Riigikaitse</elem>
		<elem lg="FI">D: Puolustus</elem>
		<elem lg="FR">D: Défense</elem>
		<elem lg="GA">D: Cosaint</elem>
		<elem lg="HR">D: Obrana</elem>
		<elem lg="HU">D: Védelem</elem>
		<elem lg="IT">D: Difesa</elem>
		<elem lg="LT">D: Gynyba</elem>
		<elem lg="LV">D: Aizsardzība</elem>
		<elem lg="MT">D: Difiża</elem>
		<elem lg="NL">D: Defensie</elem>
		<elem lg="PL">D: Obrona</elem>
		<elem lg="PT">D: Defesa</elem>
		<elem lg="RO">D: Apărare</elem>
		<elem lg="SK">D: Obrana</elem>
		<elem lg="SL">D: Obramba</elem>
		<elem lg="SV">D: Försvar</elem>
	</MA>
	<MA code="E">
		<elem lg="BG">E: околна среда</elem>
		<elem lg="CS">E: Životní prostředí</elem>
		<elem lg="DA">E: Miljø</elem>
		<elem lg="DE">E: Umwelt</elem>
		<elem lg="EL">E: Περιβάλλον</elem>
		<elem lg="EN">E: Environment</elem>
		<elem lg="ES">E: Medio ambiente</elem>
		<elem lg="ET">E: Keskkond</elem>
		<elem lg="FI">E: Ympäristö</elem>
		<elem lg="FR">E: Environnement</elem>
		<elem lg="GA">E: Comhshaol</elem>
		<elem lg="HR">E: Okoliš</elem>
		<elem lg="HU">E: Környezet</elem>
		<elem lg="IT">E: Ambiente</elem>
		<elem lg="LT">E: Aplinka</elem>
		<elem lg="LV">E: Vide</elem>
		<elem lg="MT">E: Ambjent</elem>
		<elem lg="NL">E: Milieu</elem>
		<elem lg="PL">E: Środowisko</elem>
		<elem lg="PT">E: Ambiente</elem>
		<elem lg="RO">E: Mediu</elem>
		<elem lg="SK">E: Životné prostredie</elem>
		<elem lg="SL">E: Okolje</elem>
		<elem lg="SV">E: Miljö</elem>
	</MA>
	<MA code="F">
		<elem lg="BG">F: икономически и финансови работи</elem>
		<elem lg="CS">F: Hospodářské a finanční záležitosti</elem>
		<elem lg="DA">F: Økonomiske og finansielle anliggender</elem>
		<elem lg="DE">F: Wirtschaft und Finanzen</elem>
		<elem lg="EL">F: Οικονομικές και δημοσιονομικές υποθέσεις</elem>
		<elem lg="EN">F: Economic and financial affairs</elem>
		<elem lg="ES">F: Economía y Hacienda</elem>
		<elem lg="ET">F: Majandus ja rahandus</elem>
		<elem lg="FI">F: Talous- ja rahoitusasiat</elem>
		<elem lg="FR">F: Affaires économiques et financières</elem>
		<elem lg="GA">F: Gnóthaí Airgeadais agus Eacnamaíocha</elem>
		<elem lg="HR">F: Gospodarski i financijski poslovi</elem>
		<elem lg="HU">F: Gazdasági és pénzügyek</elem>
		<elem lg="IT">F: Affari economici e finanziari</elem>
		<elem lg="LT">F: Ekonomikos ir finansiniai reikalai</elem>
		<elem lg="LV">F: Ekonomika un finanses</elem>
		<elem lg="MT">F: Affarijiet Ekonomiċi u Finanzjarji</elem>
		<elem lg="NL">F: Economische en financiële zaken</elem>
		<elem lg="PL">F: Sprawy gospodarcze i finansowe</elem>
		<elem lg="PT">F: Assuntos Económicos e Financeiros</elem>
		<elem lg="RO">F: Afaceri economice şi financiare</elem>
		<elem lg="SK">F: Hospodárske a finančné zaležitosti</elem>
		<elem lg="SL">F: Gospodarske in finančne zadeve</elem>
		<elem lg="SV">F: Ekonomi och finans</elem>
	</MA>
	<MA code="G">
		<elem lg="BG">G: производство, транспорт и разпределение на газ и отопление</elem>
		<elem lg="CS">G: Výroba, přeprava a distribuce plynu a tepla</elem>
		<elem lg="DA">G: Produktion, transport og distribution af gas og varme</elem>
		<elem lg="DE">G: Erzeugung, Fortleitung und Abgabe von Gas und Wärme</elem>
		<elem lg="EL">G: Παραγωγή, μεταφορά και διανομή αερίου και θερμότητας</elem>
		<elem lg="EN">G: Production, transport and distribution of gas and heat</elem>
		<elem lg="ES">G: Producción, transporte y distribución de gas y calefacción</elem>
		<elem lg="ET">G: Gaasi ja soojusenergia tootmine, transport ja jaotamine</elem>
		<elem lg="FI">G: Kaasun ja lämmön tuotanto, siirto ja jakelu</elem>
		<elem lg="FR">G: Production, transport et distribution de gaz et de chaleur</elem>
		<elem lg="GA">G: Táirgeadh, iompar agus dáileadh gáis nó teasa</elem>
		<elem lg="HR">G: Proizvodnja, prijenos i distribucija plina i topline</elem>
		<elem lg="HU">G: Gáz- és hőtermelés, -szállítás és -elosztás</elem>
		<elem lg="IT">G: Produzione, trasporto e distribuzione di gas e calore</elem>
		<elem lg="LT">G: Dujų ir šilumos gamyba, transportavimas ir skirstymas</elem>
		<elem lg="LV">G: Gāzes un siltumapgāde</elem>
		<elem lg="MT">G: Produzzjoni, trasport u distribuzzjoni ta’ gass u sħana</elem>
		<elem lg="NL">G: Productie, vervoer en distributie van gas en warmte</elem>
		<elem lg="PL">G: Produkcja, transport oraz dystrybucja gazu i energii cieplnej</elem>
		<elem lg="PT">G: Produção, transporte e distribuição de gás e combustível para aquecimento</elem>
		<elem lg="RO">G: Producere, transport şi distribuţie de gaz şi de energie termică</elem>
		<elem lg="SK">G: Výroba, preprava a distribúcia plynu a tepla</elem>
		<elem lg="SL">G: Proizvodnja, prenos ali distribucija plina in toplote</elem>
		<elem lg="SV">G: Produktion, transport och distribution av gas och värme</elem>
	</MA>
	<MA code="H">
		<elem lg="BG">H: здравеопазване</elem>
		<elem lg="CS">H: Zdravotnictví</elem>
		<elem lg="DA">H: Sundhed</elem>
		<elem lg="DE">H: Gesundheit</elem>
		<elem lg="EL">H: Υγεία</elem>
		<elem lg="EN">H: Health</elem>
		<elem lg="ES">H: Salud</elem>
		<elem lg="ET">H: Tervishoid</elem>
		<elem lg="FI">H: Terveydenhuolto</elem>
		<elem lg="FR">H: Santé</elem>
		<elem lg="GA">H: Sláinte</elem>
		<elem lg="HR">H: Zdravstvo</elem>
		<elem lg="HU">H: Egészségügy</elem>
		<elem lg="IT">H: Salute</elem>
		<elem lg="LT">H: Sveikata</elem>
		<elem lg="LV">H: Veselība</elem>
		<elem lg="MT">H: Saħħa</elem>
		<elem lg="NL">H: Gezondheid</elem>
		<elem lg="PL">H: Zdrowie</elem>
		<elem lg="PT">H: Saúde</elem>
		<elem lg="RO">H: Sănătate</elem>
		<elem lg="SK">H: Zdravotníctvo</elem>
		<elem lg="SL">H: Zdravje</elem>
		<elem lg="SV">H: Hälso- och sjukvård</elem>
	</MA>
	<MA code="I">
		<elem lg="BG">I: летищни дейности</elem>
		<elem lg="CS">I: Činnosti související s letišti</elem>
		<elem lg="DA">I: Lufthavnsrelaterede aktiviteter</elem>
		<elem lg="DE">I: Flughafenanlagen</elem>
		<elem lg="EL">I: Αεροδρομικές δραστηριότητες</elem>
		<elem lg="EN">I: Airport-related activities</elem>
		<elem lg="ES">I: Actividades aeroportuarias</elem>
		<elem lg="ET">I: Lennujaamaga seotud teenused</elem>
		<elem lg="FI">I: Lentokenttään liittyvät palvelut</elem>
		<elem lg="FR">I: Activités aéroportuaires</elem>
		<elem lg="GA">I: Gníomhaíochtaí a bhaineann le haerfoirt</elem>
		<elem lg="HR">I: Djelatnosti u zračnim lukama</elem>
		<elem lg="HU">I: Repülőtéri tevékenységek</elem>
		<elem lg="IT">I: Attività connesse agli aeroporti</elem>
		<elem lg="LT">I: Oro uostų veikla</elem>
		<elem lg="LV">I: Ar lidostu pārvaldi saistīta darbība</elem>
		<elem lg="MT">I: Ħidmiet marbuta ma’ l-ajruport</elem>
		<elem lg="NL">I: Luchthavenactiviteiten</elem>
		<elem lg="PL">I: Działalność dotycząca portów lotniczych</elem>
		<elem lg="PT">I: Actividades aeroportuárias</elem>
		<elem lg="RO">I: Activităţi aeroportuare</elem>
		<elem lg="SK">I: Činnosti súvisiace s letiskami</elem>
		<elem lg="SL">I: Letališke dejavnosti</elem>
		<elem lg="SV">I: Flygplatsfaciliteter</elem>
	</MA>
	<MA code="J">
		<elem lg="BG">J: Добив на газ и нефт</elem>
		<elem lg="CS">J: Těžba ropy a zemního plynu</elem>
		<elem lg="DA">J: Udvinding af gas og olie</elem>
		<elem lg="DE">J: Gewinnung von Erdöl und Erdgas</elem>
		<elem lg="EL">J: Εξόρυξη φυσικού αερίου και πετρελαίου</elem>
		<elem lg="EN">J: Extraction of gas and oil</elem>
		<elem lg="ES">J: Extracción de gas y petróleo</elem>
		<elem lg="ET">J: Gaasi ja nafta ammutamine</elem>
		<elem lg="FI">J: Kaasun ja öljyn talteenotto</elem>
		<elem lg="FR">J: Extraction de gaz et de pétrole</elem>
		<elem lg="GA">J: Eastóscadh gáis agus ola</elem>
		<elem lg="HR">J: Vađenje plina i nafte</elem>
		<elem lg="HU">J: Földgáz- és kőolaj-kitermelés</elem>
		<elem lg="IT">J: Estrazione di gas e petrolio</elem>
		<elem lg="LT">J: Dujų ir naftos gavyba</elem>
		<elem lg="LV">J: Dabasgāzes un naftas ieguve</elem>
		<elem lg="MT">J: Estrazzjoni ta’ gass u żejt</elem>
		<elem lg="NL">J: Gas- en oliewinning</elem>
		<elem lg="PL">J: Wydobycie gazu i ropy naftowej</elem>
		<elem lg="PT">J: Extração de gás e de petróleo</elem>
		<elem lg="RO">J: Extracție de petrol și gaze naturale</elem>
		<elem lg="SK">J: Ťažba plynu a ropy</elem>
		<elem lg="SL">J: Pridobivanje plina in nafte</elem>
		<elem lg="SV">J: Utvinning av gas och olja</elem>
	</MA>
	<MA code="K">
		<elem lg="BG">K: Пристанищни дейности/Морски или вътрешни водни пътища</elem>
		<elem lg="CS">K: Činnosti související s přístavy / Námořní nebo vnitrozemské vodní cesty</elem>
		<elem lg="DA">K: Havnerelaterede aktiviteter/Sejlbare eller indre vandveje</elem>
		<elem lg="DE">K: Hafeneinrichtungen/Seeschiffahrts- oder Binnenwasserstraßen</elem>
		<elem lg="EL">K: Δραστηριότητες που αφορούν τους λιμένες / Θαλάσσιες ή εσωτερικές πλωτές μεταφορές</elem>
		<elem lg="EN">K: Port-related activities / Maritime or inland waterways</elem>
		<elem lg="ES">K: Actividades portuarias / Vías de navegación interior o marítima</elem>
		<elem lg="ET">K: Sadamaga seotud tegevused/ Mere- või siseveeteed</elem>
		<elem lg="FI">K: Satamaan liittyvät palvelut / meri- tai sisävesiliikenne</elem>
		<elem lg="FR">K: Activités portuaires / Transport fluvial ou maritime</elem>
		<elem lg="GA">K: Gníomhaíochtaí calafoirt / Uiscebhealaí mara nó intíre</elem>
		<elem lg="HR">K: Aktivnosti povezane s lukom / Pomorski ili unutarnji plovni putovi</elem>
		<elem lg="HU">K: Kikötői tevékenységek/Tengeri vagy belvízi szállítás</elem>
		<elem lg="IT">K: Attività connesse ai porti / Vie navigabili marittime o interne</elem>
		<elem lg="LT">K: Uostų paslaugos / jūrų arba vidaus vandenų keliai</elem>
		<elem lg="LV">K: Ar ostu saistītas darbības / Jūras vai iekšzemes ūdensceļi</elem>
		<elem lg="MT">K: Attivitajiet marbuta mal-port / Marittimi jew passaġġi tal-ilma interni</elem>
		<elem lg="NL">K: Havenactiviteiten/aan zee of aan binnenwateren</elem>
		<elem lg="PL">K: Działalność dotycząca portów wodnych/morskich lub śródlądowych dróg wodnych</elem>
		<elem lg="PT">K: Atividades portuárias/Vias marítimas ou vias navegáveis interiores</elem>
		<elem lg="RO">K: Activități portuare / Căi navigabile maritime și interioare</elem>
		<elem lg="SK">K: Činnosti súvisiace s prístavmi/Námorné alebo vnútrozemské vodné cesty</elem>
		<elem lg="SL">K: Pristaniške dejavnosti/pomorski promet in promet po celinskih plovnih poteh</elem>
		<elem lg="SV">K: Hamnverksamheter/ Sjövägar eller inre vattenvägar</elem>
	</MA>
	<MA code="L">
		<elem lg="BG">L: образование</elem>
		<elem lg="CS">L: Školství</elem>
		<elem lg="DA">L: Uddannelse</elem>
		<elem lg="DE">L: Bildung</elem>
		<elem lg="EL">L: Εκπαίδευση</elem>
		<elem lg="EN">L: Education</elem>
		<elem lg="ES">L: Educación</elem>
		<elem lg="ET">L: Haridus</elem>
		<elem lg="FI">L: Koulutus</elem>
		<elem lg="FR">L: Éducation</elem>
		<elem lg="GA">L: Oideachas</elem>
		<elem lg="HR">L: Obrazovanje</elem>
		<elem lg="HU">L: Oktatás</elem>
		<elem lg="IT">L: Istruzione</elem>
		<elem lg="LT">L: Švietimas</elem>
		<elem lg="LV">L: Izglītība</elem>
		<elem lg="MT">L: Edukazzjoni</elem>
		<elem lg="NL">L: Onderwijs</elem>
		<elem lg="PL">L: Edukacja</elem>
		<elem lg="PT">L: Educação</elem>
		<elem lg="RO">L: Educaţie</elem>
		<elem lg="SK">L: Vzdelávanie</elem>
		<elem lg="SL">L: Izobraževanje</elem>
		<elem lg="SV">L: Utbildning</elem>
	</MA>
	<MA code="M">
		<elem lg="BG">M: добиване или извличане на въглища или други твърди горива</elem>
		<elem lg="CS">M: Vyhledávání a těžba uhlí a dalších pevných paliv</elem>
		<elem lg="DA">M: Efterforskning efter og udvinding af kul og andet fast brændsel</elem>
		<elem lg="DE">M: Aufsuchung und Gewinnung von Kohle und anderen festen Brennstoffen</elem>
		<elem lg="EL">M: Αναζήτηση και εξόρυξη γαιανθράκων και άλλων στερεών καυσίμων</elem>
		<elem lg="EN">M: Exploration and extraction of coal and other solid fuels</elem>
		<elem lg="ES">M: Prospección y extracción de carbón y otros combustibles sólidos</elem>
		<elem lg="ET">M: Söe ja muude tahkekütuste leiukohtade uurimine ja kaevandamine</elem>
		<elem lg="FI">M: Hiilen ja muiden kiinteiden polttoaineiden etsintä ja talteenotto</elem>
		<elem lg="FR">M: Prospection et extraction de charbon et d’autres combustibles solides</elem>
		<elem lg="GA">M: Gual agus breosla soladach eile a thaiscéaladh agus a tharraingt</elem>
		<elem lg="HR">M: Istraživanje i vađenje ugljena i drugih krutih goriva</elem>
		<elem lg="HU">M: Szén és más szilárd tüzelőanyagok feltárása és kitermelése</elem>
		<elem lg="IT">M: Esplorazione ed estrazione di carbone e altri combustibili solidi</elem>
		<elem lg="LT">M: Akmens anglių ir kito kieto kuro žvalgyba ir gavyba</elem>
		<elem lg="LV">M: Ogļu un cita veida cietā kurināmā ģeoloģiskā izpēte un ieguve</elem>
		<elem lg="MT">M: Tiftix u estrazzjoni ta’ faħam u karburant solidu ieħor</elem>
		<elem lg="NL">M: Opsporing en winning van steenkool en andere vaste brandstoffen</elem>
		<elem lg="PL">M: Poszukiwanie i wydobycie węgla i innych paliw stałych</elem>
		<elem lg="PT">M: Prospecção e extracção de carvão e outros combustíveis sólidos</elem>
		<elem lg="RO">M: Prospectare şi extragere a cărbunelui şi a altor combustibili solizi</elem>
		<elem lg="SK">M: Prieskum a ťažba uhlia a iných tuhých palív</elem>
		<elem lg="SL">M: Iskanje in pridobivanje premoga ali drugih trdih goriv</elem>
		<elem lg="SV">M: Undersökning och utvinning av kol och andra fasta bränslen</elem>
	</MA>
	<MA code="N">
		<elem lg="BG">N: електричество</elem>
		<elem lg="CS">N: Elektřina</elem>
		<elem lg="DA">N: Elektricitet</elem>
		<elem lg="DE">N: Strom</elem>
		<elem lg="EL">N: Ηλεκτρισμός</elem>
		<elem lg="EN">N: Electricity</elem>
		<elem lg="ES">N: Electricidad</elem>
		<elem lg="ET">N: Elektrienergia</elem>
		<elem lg="FI">N: Sähkö</elem>
		<elem lg="FR">N: Électricité</elem>
		<elem lg="GA">N: Leictreachas</elem>
		<elem lg="HR">N: Električna energija</elem>
		<elem lg="HU">N: Villamos energia</elem>
		<elem lg="IT">N: Elettricità</elem>
		<elem lg="LT">N: Elektra</elem>
		<elem lg="LV">N: Elektroenerģijas apgāde</elem>
		<elem lg="MT">N: Elettriku</elem>
		<elem lg="NL">N: Elektriciteit</elem>
		<elem lg="PL">N: Sektor elektroenergetyczny</elem>
		<elem lg="PT">N: Electricidade</elem>
		<elem lg="RO">N: Electricitate</elem>
		<elem lg="SK">N: Elektrická energia</elem>
		<elem lg="SL">N: Električna energija</elem>
		<elem lg="SV">N: Elektricitet</elem>
	</MA>
	<MA code="P">
		<elem lg="BG">P: Пощенски услуги</elem>
		<elem lg="CS">P: Poštovní služby</elem>
		<elem lg="DA">P: Posttjenester</elem>
		<elem lg="DE">P: Postdienste</elem>
		<elem lg="EL">P: Ταχυδρομικές υπηρεσίες</elem>
		<elem lg="EN">P: Postal services</elem>
		<elem lg="ES">P: Servicios postales</elem>
		<elem lg="ET">P: Postiteenused</elem>
		<elem lg="FI">P: Postipalvelut</elem>
		<elem lg="FR">P: Services postaux</elem>
		<elem lg="GA">P: Seirbhísí Poist</elem>
		<elem lg="HR">P: Poštanske usluge</elem>
		<elem lg="HU">P: Postai szolgáltatások</elem>
		<elem lg="IT">P: Servizi postali</elem>
		<elem lg="LT">P: Pašto paslaugos</elem>
		<elem lg="LV">P: Pasta pakalpojumi</elem>
		<elem lg="MT">P: Servizzi postali</elem>
		<elem lg="NL">P: Postdiensten</elem>
		<elem lg="PL">P: Usługi pocztowe</elem>
		<elem lg="PT">P: Serviços postais</elem>
		<elem lg="RO">P: Servicii poştale</elem>
		<elem lg="SK">P: Poštové služby</elem>
		<elem lg="SL">P: Poštne storitve</elem>
		<elem lg="SV">P: Posttjänster</elem>
	</MA>
	<MA code="R">
		<elem lg="BG">R: Железопътни услуги</elem>
		<elem lg="CS">R: Železniční služby</elem>
		<elem lg="DA">R: Jernbanetjenester</elem>
		<elem lg="DE">R: Eisenbahndienste</elem>
		<elem lg="EL">R: Υπηρεσίες σιδηροδρομικών μεταφορών</elem>
		<elem lg="EN">R: Railway services</elem>
		<elem lg="ES">R: Servicios de transporte ferroviario</elem>
		<elem lg="ET">R: Raudteeteenused</elem>
		<elem lg="FI">R: Rautatiepalvelut</elem>
		<elem lg="FR">R: Services de chemin de fer</elem>
		<elem lg="GA">R: Seirbhísí iarnróid</elem>
		<elem lg="HR">R: Željezničke usluge</elem>
		<elem lg="HU">R: Vasúti szolgáltatások</elem>
		<elem lg="IT">R: Servizi ferroviari</elem>
		<elem lg="LT">R: Geležinkelio paslaugos</elem>
		<elem lg="LV">R: Dzelzceļa pakalpojumi</elem>
		<elem lg="MT">R: Servizzi tal-ferrovija</elem>
		<elem lg="NL">R: Vervoersdiensten per spoor</elem>
		<elem lg="PL">R: Usługi kolejowe</elem>
		<elem lg="PT">R: Serviços ferroviários</elem>
		<elem lg="RO">R: Servicii feroviare</elem>
		<elem lg="SK">R: Služby železničnej dopravy</elem>
		<elem lg="SL">R: Železniški promet</elem>
		<elem lg="SV">R: Järnvägstjänster</elem>
	</MA>
	<MA code="S">
		<elem lg="BG">S: Общи обществени служби</elem>
		<elem lg="CS">S: Služby pro širokou veřejnost</elem>
		<elem lg="DA">S: Generelle offentlige tjenester</elem>
		<elem lg="DE">S: Allgemeine öffentliche Verwaltung</elem>
		<elem lg="EL">S: Γενικές δημόσιες υπηρεσίες</elem>
		<elem lg="EN">S: General public services</elem>
		<elem lg="ES">S: Servicios generales de las administraciones públicas</elem>
		<elem lg="ET">S: Üldised avalikud teenused</elem>
		<elem lg="FI">S: Yleinen julkishallinto</elem>
		<elem lg="FR">S: Services généraux des administrations publiques</elem>
		<elem lg="GA">S: Seirbhísí poiblí/ginearálta</elem>
		<elem lg="HR">S: Javna uprava</elem>
		<elem lg="HU">S: Általános közszolgáltatások</elem>
		<elem lg="IT">S: Servizi generali delle amministrazioni pubbliche</elem>
		<elem lg="LT">S: Viešosios paslaugos visuomenei</elem>
		<elem lg="LV">S: Vispārēji sabiedriskie pakalpojumi</elem>
		<elem lg="MT">S: Servizzi pubbliċi ġenerali</elem>
		<elem lg="NL">S: Algemene diensten van de overheden</elem>
		<elem lg="PL">S: Ogólne usługi publiczne</elem>
		<elem lg="PT">S: Serviços gerais das administrações públicas</elem>
		<elem lg="RO">S: Servicii publice generale</elem>
		<elem lg="SK">S: Všeobecná štátna správa</elem>
		<elem lg="SL">S: Javna uprava</elem>
		<elem lg="SV">S: Allmänna offentliga tjänster</elem>
	</MA>
	<MA code="T">
		<elem lg="BG">T: Градски железопътни, трамвайни, тролейбусни или автобусни услуги</elem>
		<elem lg="CS">T: Služby městské drážní, podzemní, tramvajové, trolejbusové nebo autobusové dopravy</elem>
		<elem lg="DA">T: Bytransport med jernbane/letbane, metro, sporvogn, trolleybus eller bus</elem>
		<elem lg="DE">T: S-Bahn-, U-Bahn-, Straßenbahn-, O-Bus- oder Busdienste</elem>
		<elem lg="EL">T: Υπηρεσίες αστικού σιδηροδρόμου / ελαφρού σιδηροδρόμου, μετρό, τραμ, τρόλεϊ ή λεωφορείου</elem>
		<elem lg="EN">T: Urban railway/light rail, metro, tramway, trolleybus or bus services</elem>
		<elem lg="ES">T: Servicios de ferrocarril, metro ligero, metro, tranvía, trolebús o autobús urbanos</elem>
		<elem lg="ET">T: Linnarongi-/kergraudtee-, metroo-, trammi-, trollibussi- ja bussiveoteenused</elem>
		<elem lg="FI">T: Kaupunkien rautatie-/kevytraide-, metro-, raitiotie-, johdinauto- tai linja-autopalvelut</elem>
		<elem lg="FR">T: Services de chemin de fer urbain (y compris léger), de tramway ou d’autobus</elem>
		<elem lg="GA">T: Seirbhísí iarnróid uirbigh/éadroim, meitreo, trambhealaigh, bus tralaí nó bus</elem>
		<elem lg="HR">T: Usluge gradske/lake željeznice, podzemne željeznice, tramvaja, trolejbusa ili autobusa</elem>
		<elem lg="HU">T: Városi/helyiérdekű vasúti szolgáltatások, metró-, villamos-, trolibusz- vagy autóbusz-szolgáltatások</elem>
		<elem lg="IT">T: Servizi di ferrovia urbana/leggera, metropolitana, tram, filobus o autobus</elem>
		<elem lg="LT">T: Miestų geležinkelių / lengvojo bėginio transporto, metro, tramvajų, troleibusų arba autobusų paslaugos</elem>
		<elem lg="LV">T: Pilsētas dzelzceļa / vieglā dzelzceļa, metro, tramvaju, trolejbusu vai autobusu pakalpojumi</elem>
		<elem lg="MT">T: Servizz urbani tal-ferrovija/ferrovija ħafifa, metro, tramm, trolleybus jew servizzi tax-xarabank</elem>
		<elem lg="NL">T: Stadsspoorweg-, sneltram-, metro-, tram-, trolleybus- of busdiensten</elem>
		<elem lg="PL">T: Usługi miejskiego transportu kolejowego / kolei lekkiej bądź metra, transportu tramwajowego, trolejbusowego lub autobusowego</elem>
		<elem lg="PT">T: Serviços urbanos de caminho-de-ferro, elétricos, tróleis ou autocarros</elem>
		<elem lg="RO">T: Transport urban feroviar/ușor, metrou, tramvai, troleibuz sau autobuz</elem>
		<elem lg="SK">T: Služby mestskej železničnej/ľahkej koľajovej, metrovej, električkovej, trolejbusovej alebo autobusovej dopravy</elem>
		<elem lg="SL">T: Mestni železniški (tudi lahka železnica), podzemni, tramvajski, trolejbusni ali avtobusni promet</elem>
		<elem lg="SV">T: Stadsjärnväg/snabbspårväg, tunnelbana, spårväg, trådbuss eller buss</elem>
	</MA>
	<MA code="U">
		<elem lg="BG">U: Обществен ред и безопасност</elem>
		<elem lg="CS">U: Veřejný pořádek a bezpečnost</elem>
		<elem lg="DA">U: Offentlig orden og sikkerhed</elem>
		<elem lg="DE">U: Öffentliche Sicherheit und Ordnung</elem>
		<elem lg="EL">U: Δημόσια τάξη και ασφάλεια</elem>
		<elem lg="EN">U: Public order and safety</elem>
		<elem lg="ES">U: Orden público y seguridad</elem>
		<elem lg="ET">U: Avalik kord ja julgeolek</elem>
		<elem lg="FI">U: Yleinen järjestys ja turvallisuus</elem>
		<elem lg="FR">U: Ordre et sécurité publics</elem>
		<elem lg="GA">U: Sábháilteacht agus Ord Poiblí</elem>
		<elem lg="HR">U: Javni red i sigurnost</elem>
		<elem lg="HU">U: Közrend és biztonság</elem>
		<elem lg="IT">U: Ordine e sicurezza pubblica</elem>
		<elem lg="LT">U: Viešoji tvarka ir visuomenės apsauga</elem>
		<elem lg="LV">U: Sabiedriskā kārtība un drošība</elem>
		<elem lg="MT">U: Ordni u Sigurtà pubblika</elem>
		<elem lg="NL">U: Openbare orde en veiligheid</elem>
		<elem lg="PL">U: Porządek i bezpieczeństwo publiczne</elem>
		<elem lg="PT">U: Segurança e ordem pública</elem>
		<elem lg="RO">U: Ordine şi siguranţă publică</elem>
		<elem lg="SK">U: Verejný poriadok a bezpečnosť</elem>
		<elem lg="SL">U: Javni red in mir ter varnost</elem>
		<elem lg="SV">U: Samhällsskydd och rättsskipning</elem>
	</MA>
	<MA code="W">
		<elem lg="BG">W: Водоснабдяване</elem>
		<elem lg="CS">W: Vodohospodářství</elem>
		<elem lg="DA">W: Vand</elem>
		<elem lg="DE">W: Wasser</elem>
		<elem lg="EL">W: Ύδρευση</elem>
		<elem lg="EN">W: Water</elem>
		<elem lg="ES">W: Agua</elem>
		<elem lg="ET">W: Vesi</elem>
		<elem lg="FI">W: Vesihuolto</elem>
		<elem lg="FR">W: Eau</elem>
		<elem lg="GA">W: Uisce</elem>
		<elem lg="HR">W: Vodoopskrba</elem>
		<elem lg="HU">W: Víz</elem>
		<elem lg="IT">W: Acqua</elem>
		<elem lg="LT">W: Vanduo</elem>
		<elem lg="LV">W: Ūdensapgāde</elem>
		<elem lg="MT">W: Ilma</elem>
		<elem lg="NL">W: Water</elem>
		<elem lg="PL">W: Sektor wodny</elem>
		<elem lg="PT">W: Água</elem>
		<elem lg="RO">W: Apă</elem>
		<elem lg="SK">W: Vodné hospodárstvo</elem>
		<elem lg="SL">W: Voda</elem>
		<elem lg="SV">W: Vatten</elem>
	</MA>
	<MA code="Z">
		<elem lg="BG">Z: Не е уточнено</elem>
		<elem lg="CS">Z: Neurčeno</elem>
		<elem lg="DA">Z: Uspecificeret</elem>
		<elem lg="DE">Z: Unbestimmt</elem>
		<elem lg="EL">Z: Δεν διευκρινίζεται</elem>
		<elem lg="EN">Z: Not specified</elem>
		<elem lg="ES">Z: Sin especificar</elem>
		<elem lg="ET">Z: Ei ole määratletud</elem>
		<elem lg="FI">Z: Ei määritelty</elem>
		<elem lg="FR">Z: Non spécifié</elem>
		<elem lg="GA">Z: Neamhshonraithe</elem>
		<elem lg="HR">Z: Nije navedeno</elem>
		<elem lg="HU">Z: Nincs megjelölve</elem>
		<elem lg="IT">Z: Non specificato</elem>
		<elem lg="LT">Z: Nenurodyta</elem>
		<elem lg="LV">Z: Nav</elem>
		<elem lg="MT">Z: Mhux speċifikat</elem>
		<elem lg="NL">Z: Niet gespecificeerd</elem>
		<elem lg="PL">Z: Nie określono</elem>
		<elem lg="PT">Z: Não especificado</elem>
		<elem lg="RO">Z: Nu se specifică</elem>
		<elem lg="SK">Z: Neurčené</elem>
		<elem lg="SL">Z: Ni navedeno</elem>
		<elem lg="SV">Z: Ospecificerat</elem>
	</MA>
</MAIN_ACTIVITIES>
