<?xml version="1.0" encoding="UTF-8"?>
<NAT_NOTICE>
	<TD code="0">
		<elem lg="BG">0: Обявление за предварителна информация без покана за участие в състезателна процедура</elem>
		<elem lg="CS">0: Předběžné oznámení bez výzvy k účasti v soutěži</elem>
		<elem lg="DA">0: Forhåndsmeddelelse uden indkaldelse af tilbud</elem>
		<elem lg="DE">0: Vorabinformation ohne Aufruf zum Wettbewerb</elem>
		<elem lg="EL">0: Προκαταρκτική γνωστοποίηση χωρίς προκήρυξη διαγωνισμού</elem>
		<elem lg="EN">0: Prior information notice without call for competition</elem>
		<elem lg="ES">0: Información previa sin convocatoria de concurso</elem>
		<elem lg="ET">0: Hankekuulutuseta eelteade</elem>
		<elem lg="FI">0: Ennakkoilmoitus ilman tarjouskilpailukutsua</elem>
		<elem lg="FR">0: Avis de préinformation sans mise en concurrence</elem>
		<elem lg="GA">0: Fógra réamhfhaisnéise gan glaoch ar thairiscintí</elem>
		<elem lg="HR">0: Prethodna informativna obavijest bez poziva na nadmetanje</elem>
		<elem lg="HU">0: Előzetes tájékoztató hirdetmény ajánlati felhívás nélkül</elem>
		<elem lg="IT">0: Avviso di preinformazione senza indizione di gara</elem>
		<elem lg="LT">0: Išankstinis informacinis skelbimas be kvietimo dalyvauti konkurse</elem>
		<elem lg="LV">0: Iepriekšējs informatīvs paziņojums bez iepirkuma izsludināšanas</elem>
		<elem lg="MT">0: Avviż ta’ informazzjoni minn qabel mingħajr sejħa għal kompetizzjoni</elem>
		<elem lg="NL">0: Vooraankondiging zonder oproep tot mededinging</elem>
		<elem lg="PL">0: Wstępne ogłoszenie informacyjne bez zaproszenia do ubiegania się o zamówienie</elem>
		<elem lg="PT">0: Anúncio de informação prévia sem abertura de concurso</elem>
		<elem lg="RO">0: Anunț de intenție fără invitație la procedura concurențială de ofertare</elem>
		<elem lg="SK">0: Predbežné oznámenie bez výzvy na súťaž</elem>
		<elem lg="SL">0: Predhodno periodično informativno obvestilo brez javnega razpisa</elem>
		<elem lg="SV">0: Förhandsmeddelande utan anbudsinfordran</elem>
	</TD>
	<TD code="1">
		<elem lg="BG">1: Corrigenda</elem>
		<elem lg="CS">1: Opravy</elem>
		<elem lg="DA">1: Berigtigelse</elem>
		<elem lg="DE">1: Berichtigung</elem>
		<elem lg="EL">1: Διορθωτική προκήρυξη</elem>
		<elem lg="EN">1: Corrigenda</elem>
		<elem lg="ES">1: Rectificativo</elem>
		<elem lg="ET">1: Parandused</elem>
		<elem lg="FI">1: Oikaisuilmoitus</elem>
		<elem lg="FR">1: Rectificatif</elem>
		<elem lg="GA">1: Ceartúcháin</elem>
		<elem lg="HR">1: Ispravci</elem>
		<elem lg="HU">1: Helyesbítések</elem>
		<elem lg="IT">1: Rettifiche</elem>
		<elem lg="LT">1: Klaidų sąrašai</elem>
		<elem lg="LV">1: Kļūdu labojums</elem>
		<elem lg="MT">1: Tiswija</elem>
		<elem lg="NL">1: Rectificaties</elem>
		<elem lg="PL">1: Sprostowania</elem>
		<elem lg="PT">1: Rectificativo</elem>
		<elem lg="RO">1: Erată</elem>
		<elem lg="SK">1: Oprava</elem>
		<elem lg="SL">1: Popravki</elem>
		<elem lg="SV">1: Rättelse</elem>
	</TD>
	<TD code="2">
		<elem lg="BG">2: Допълнителна информация</elem>
		<elem lg="CS">2: Dodatečné informace</elem>
		<elem lg="DA">2: Supplerende oplysninger</elem>
		<elem lg="DE">2: Ergänzende Angaben</elem>
		<elem lg="EL">2: Συμπληρωματικά στοιχεία</elem>
		<elem lg="EN">2: Additional information</elem>
		<elem lg="ES">2: Información complementaria</elem>
		<elem lg="ET">2: Lisateave</elem>
		<elem lg="FI">2: Lisätietoilmoitus</elem>
		<elem lg="FR">2: Informations complémentaires</elem>
		<elem lg="GA">2: Eolas breise</elem>
		<elem lg="HR">2: Dodatni podaci</elem>
		<elem lg="HU">2: További információ</elem>
		<elem lg="IT">2: Informazioni complementari</elem>
		<elem lg="LT">2: Papildoma informacija</elem>
		<elem lg="LV">2: Papildu informācija</elem>
		<elem lg="MT">2: Tagħrif ieħor</elem>
		<elem lg="NL">2: Aanvullende inlichtingen</elem>
		<elem lg="PL">2: Dodatkowe informacje</elem>
		<elem lg="PT">2: Informações complementares</elem>
		<elem lg="RO">2: Informaţii suplimentare</elem>
		<elem lg="SK">2: Dodatočné informácie</elem>
		<elem lg="SL">2: Dodatne informacije</elem>
		<elem lg="SV">2: Ytterligare upplysningar</elem>
	</TD>
	<TD code="3">
		<elem lg="BG">3: Обявление за поръчка</elem>
		<elem lg="CS">3: Oznámení zadávacího řízení</elem>
		<elem lg="DA">3: Udbudsbekendtgørelse</elem>
		<elem lg="DE">3: Auftragsbekanntmachung</elem>
		<elem lg="EL">3: Προκήρυξη σύμβασης</elem>
		<elem lg="EN">3: Contract notice</elem>
		<elem lg="ES">3: Anuncio de licitación</elem>
		<elem lg="ET">3: Hanketeade</elem>
		<elem lg="FI">3: hankintailmoitus</elem>
		<elem lg="FR">3: Avis de marché</elem>
		<elem lg="GA">3: Fógra conartha</elem>
		<elem lg="HR">3: Obavijest o javnoj nabavi</elem>
		<elem lg="HU">3: Ajánlati felhívás</elem>
		<elem lg="IT">3: Avviso di gara</elem>
		<elem lg="LT">3: Skelbimas apie sutartį (pirkimą)</elem>
		<elem lg="LV">3: Paziņojums par līgumu</elem>
		<elem lg="MT">3: Kuntratt pubbliku</elem>
		<elem lg="NL">3: Aankondiging van een opdracht</elem>
		<elem lg="PL">3: Ogłoszenie o zamówieniu</elem>
		<elem lg="PT">3: Anúncio de concurso</elem>
		<elem lg="RO">3: Anunţ de participare</elem>
		<elem lg="SK">3: Oznámenie o vyhlásení verejného obstarávania</elem>
		<elem lg="SL">3: Obvestilo o javnem naročilu</elem>
		<elem lg="SV">3: Meddelande om upphandling</elem>
	</TD>
	<TD code="4">
		<elem lg="BG">4: Обявления за предварителна квалификация</elem>
		<elem lg="CS">4: Oznámení o účasti v soutěži</elem>
		<elem lg="DA">4: Bekendtgørelse om prækvalifikation</elem>
		<elem lg="DE">4: Bekanntmachung von Qualifizierungsverfahren</elem>
		<elem lg="EL">4: Διακήρυξη προεπιλογής</elem>
		<elem lg="EN">4: Prequalification notices</elem>
		<elem lg="ES">4: Anuncio de precualificación</elem>
		<elem lg="ET">4: Eelkvalifikatsiooni teated</elem>
		<elem lg="FI">4: Kelpuuttamisjärjestelmää koskevat ilmoitukset</elem>
		<elem lg="FR">4: Avis de préqualification</elem>
		<elem lg="GA">4: Fógraí réamhcháilithe</elem>
		<elem lg="HR">4: Obavijesti o predizboru</elem>
		<elem lg="HU">4: Előminősítési felhívások</elem>
		<elem lg="IT">4: Avvisi di prequalificazione</elem>
		<elem lg="LT">4: Skelbimai apie išankstinę kvalifikacinę atranką</elem>
		<elem lg="LV">4: Paziņojumi par pretendentu atlasi</elem>
		<elem lg="MT">4: Avviżi ta' qabel il-kwalifikazzjoni</elem>
		<elem lg="NL">4: Aankondigingen van prekwalificatie</elem>
		<elem lg="PL">4: Ogłoszenia o wstępnej kwalifikacji</elem>
		<elem lg="PT">4: Anúncios de pré-qualificação</elem>
		<elem lg="RO">4: Anunţuri de precalificare</elem>
		<elem lg="SK">4: Predkvalifikačné oznámenia</elem>
		<elem lg="SL">4: Obvestila o predizbiri</elem>
		<elem lg="SV">4: Meddelande om förfarande enligt ett kvalifikationssystem</elem>
	</TD>
	<TD code="5">
		<elem lg="BG">5: Искане за предложения</elem>
		<elem lg="CS">5: Žádost o návrhy</elem>
		<elem lg="DA">5: Opfordring til afgivelse af forslag</elem>
		<elem lg="DE">5: Aufruf zur Einreichung von Vorschlägen</elem>
		<elem lg="EL">5: Πρόσκληση υποβολής προτάσεων</elem>
		<elem lg="EN">5: Request for proposals</elem>
		<elem lg="ES">5: Convocatoria de presentación de propuestas</elem>
		<elem lg="ET">5: Kutse ettepanekute tegemiseks</elem>
		<elem lg="FI">5: Ehdotuspyyntö</elem>
		<elem lg="FR">5: Appel à propositions</elem>
		<elem lg="GA">5: Iarratas ar mholtaí</elem>
		<elem lg="HR">5: Zahtjev za ponudu</elem>
		<elem lg="HU">5: Ajánlattételi felhívás</elem>
		<elem lg="IT">5: Invito a presentare proposte</elem>
		<elem lg="LT">5: Kvietimas pateikti pasiūlymus</elem>
		<elem lg="LV">5: Aicinājums iesniegt piedāvājumus</elem>
		<elem lg="MT">5: Talba għal proposti</elem>
		<elem lg="NL">5: Uitnodiging tot indienen van voorstellen</elem>
		<elem lg="PL">5: Zaproszenie do składania wniosków</elem>
		<elem lg="PT">5: Convite à apresentação de propostas</elem>
		<elem lg="RO">5: Cerere de propuneri</elem>
		<elem lg="SK">5: Žiadosť o návrhy</elem>
		<elem lg="SL">5: Zahteva za predloge</elem>
		<elem lg="SV">5: Uppmaning till inlämnande av förslag</elem>
	</TD>
	<TD code="6">
		<elem lg="BG">6: Обща информация</elem>
		<elem lg="CS">6: Všeobecné informace</elem>
		<elem lg="DA">6: Almindelige oplysninger</elem>
		<elem lg="DE">6: Allgemeine Bekanntmachung</elem>
		<elem lg="EL">6: Γενικές πληροφορίες</elem>
		<elem lg="EN">6: General information</elem>
		<elem lg="ES">6: Información general</elem>
		<elem lg="ET">6: Üldteave</elem>
		<elem lg="FI">6: Yleisiä tietoja</elem>
		<elem lg="FR">6: Informations générales</elem>
		<elem lg="GA">6: Faisnéis ghinearálta</elem>
		<elem lg="HR">6: Opće informacije</elem>
		<elem lg="HU">6: Általános információ</elem>
		<elem lg="IT">6: Informazioni generali</elem>
		<elem lg="LT">6: Bendra informacija</elem>
		<elem lg="LV">6: Vispārēja informācija</elem>
		<elem lg="MT">6: Tagħrif ġenerali</elem>
		<elem lg="NL">6: Algemene inlichtingen</elem>
		<elem lg="PL">6: Informacje ogólne</elem>
		<elem lg="PT">6: Informação geral</elem>
		<elem lg="RO">6: Informaţii generale</elem>
		<elem lg="SK">6: Všeobecné informácie</elem>
		<elem lg="SL">6: Splošne informacije</elem>
		<elem lg="SV">6: Allmäna upplysningar</elem>
	</TD>
	<TD code="7">
		<elem lg="BG">7: Обявление за възлагане на поръчка</elem>
		<elem lg="CS">7: Oznámení o zadání zakázky</elem>
		<elem lg="DA">7: Bekendtgørelse om indgåede kontrakter</elem>
		<elem lg="DE">7: Bekanntmachung über vergebene Aufträge</elem>
		<elem lg="EL">7: Γνωστοποίηση ανάθεσης σύμβασης</elem>
		<elem lg="EN">7: Contract award notice</elem>
		<elem lg="ES">7: Anuncio de adjudicación de contrato</elem>
		<elem lg="ET">7: Hankelepingu sõlmimise teade</elem>
		<elem lg="FI">7: Ilmoitus tehdystä sopimuksesta</elem>
		<elem lg="FR">7: Avis d'attribution de marché</elem>
		<elem lg="GA">7: Fógra dámhachtana conartha</elem>
		<elem lg="HR">7: Obavijest o sklopljenim ugovorima</elem>
		<elem lg="HU">7: Tájékoztató az eljárás eredményéről</elem>
		<elem lg="IT">7: Avviso di aggiudicazione</elem>
		<elem lg="LT">7: Skelbimas apie sutarties sudarymą</elem>
		<elem lg="LV">7: Paziņojums par līguma slēgšanas tiesību piešķiršanu</elem>
		<elem lg="MT">7: Kuntratt avviż ta 'għoti</elem>
		<elem lg="NL">7: Award Aankondiging</elem>
		<elem lg="PL">7: Ogłoszenie o udzieleniu zamówienia</elem>
		<elem lg="PT">7: Anúncio de adjudicação</elem>
		<elem lg="RO">7: Anunt de atribuire</elem>
		<elem lg="SK">7: Oznámenia o zadaní zákazky</elem>
		<elem lg="SL">7: Obvestilo o oddaji naročila</elem>
		<elem lg="SV">7: Meddelande om tilldelning</elem>
	</TD>
	<TD code="8">
		<elem lg="BG">8: Друго</elem>
		<elem lg="CS">8: Jiné</elem>
		<elem lg="DA">8: Andre</elem>
		<elem lg="DE">8: Andere</elem>
		<elem lg="EL">8: Λοιπές</elem>
		<elem lg="EN">8: Other</elem>
		<elem lg="ES">8: Otros</elem>
		<elem lg="ET">8: Muu</elem>
		<elem lg="FI">8: Muut</elem>
		<elem lg="FR">8: Autres</elem>
		<elem lg="GA">8: Eile</elem>
		<elem lg="HR">8: Drugo</elem>
		<elem lg="HU">8: Egyéb</elem>
		<elem lg="IT">8: Altro</elem>
		<elem lg="LT">8: Kita</elem>
		<elem lg="LV">8: Citi</elem>
		<elem lg="MT">8: Oħrajn</elem>
		<elem lg="NL">8: Andere</elem>
		<elem lg="PL">8: Inne</elem>
		<elem lg="PT">8: Outros</elem>
		<elem lg="RO">8: Altele</elem>
		<elem lg="SK">8: Iné</elem>
		<elem lg="SL">8: Drugo</elem>
		<elem lg="SV">8: Andra</elem>
	</TD>
	<TD code="9">
		<elem lg="BG">9: Не е приложимо</elem>
		<elem lg="CS">9: Nehodící se</elem>
		<elem lg="DA">9: Finder ikke anvendelse</elem>
		<elem lg="DE">9: Entfällt</elem>
		<elem lg="EL">9: Άνευ αντικειμένου</elem>
		<elem lg="EN">9: Not applicable</elem>
		<elem lg="ES">9: No procede</elem>
		<elem lg="ET">9: Ei kohaldata</elem>
		<elem lg="FI">9: Ei sovelleta</elem>
		<elem lg="FR">9: Sans objet</elem>
		<elem lg="GA">9: Neamhbhainteach</elem>
		<elem lg="HR">9: Ne primjenjuje se</elem>
		<elem lg="HU">9: Nem alkalmazható</elem>
		<elem lg="IT">9: Non applicabile</elem>
		<elem lg="LT">9: Netaikoma</elem>
		<elem lg="LV">9: Nav</elem>
		<elem lg="MT">9: Mhux applikabbli</elem>
		<elem lg="NL">9: Niet van toepassing</elem>
		<elem lg="PL">9: Nie dotyczy</elem>
		<elem lg="PT">9: Não consta</elem>
		<elem lg="RO">9: Nu se aplică</elem>
		<elem lg="SK">9: Neuplatniteľné</elem>
		<elem lg="SL">9: Ni primerno</elem>
		<elem lg="SV">9: Ej tillämpligt</elem>
	</TD>
	<TD code="A">
		<elem lg="BG">A: Обявление за предварителна информация с покана за участие в състезателна процедура</elem>
		<elem lg="CS">A: Předběžné oznámení s výzvou k účasti v soutěži</elem>
		<elem lg="DA">A: Forhåndsmeddelelse med indkaldelse af tilbud</elem>
		<elem lg="DE">A: Vorabinformation mit Aufruf zum Wettbewerb</elem>
		<elem lg="EL">A: Προκαταρκτική γνωστοποίηση με προκήρυξη διαγωνισμού</elem>
		<elem lg="EN">A: Prior information notice with call for competition</elem>
		<elem lg="ES">A: Información previa con convocatoria de concurso</elem>
		<elem lg="ET">A: Hankekuulutusega eelteade</elem>
		<elem lg="FI">A: Ennakkoilmoitus, johon sisältyy tarjouskilpailukutsu</elem>
		<elem lg="FR">A: Avis de préinformation avec mise en concurrence</elem>
		<elem lg="GA">A: Fógra réamhfhaisnéise maille le glaoch ar thairiscintí</elem>
		<elem lg="HR">A: Prethodna informativna obavijest s pozivom na nadmetanje</elem>
		<elem lg="HU">A: Előzetes tájékoztató hirdetmény ajánlati felhívással</elem>
		<elem lg="IT">A: Avviso di preinformazione con indizione di gara</elem>
		<elem lg="LT">A: Išankstinis informacinis skelbimas su kvietimu dalyvauti konkurse</elem>
		<elem lg="LV">A: Iepriekšējs informatīvs paziņojums ar iepirkuma izsludināšanu</elem>
		<elem lg="MT">A: Avviż ta’ informazzjoni minn qabel b’sejħa għal kompetizzjoni</elem>
		<elem lg="NL">A: Vooraankondiging met oproep tot mededinging</elem>
		<elem lg="PL">A: Wstępne ogłoszenie informacyjne z zaproszeniem do ubiegania się o zamówienie</elem>
		<elem lg="PT">A: Anúncio de informação prévia com abertura de concurso</elem>
		<elem lg="RO">A: Anunț de intenție cu invitație la procedura concurențială de ofertare</elem>
		<elem lg="SK">A: Predbežné oznámenie s výzvou na súťaž</elem>
		<elem lg="SL">A: Predhodno periodično informativno obvestilo z javnim razpisom</elem>
		<elem lg="SV">A: Förhandsmeddelande med anbudsinfordran</elem>
	</TD>
	<TD code="B">
		<elem lg="BG">B: Профил на купувача</elem>
		<elem lg="CS">B: Profilu zadavatele</elem>
		<elem lg="DA">B: Køberprofil</elem>
		<elem lg="DE">B: Beschafferprofil</elem>
		<elem lg="EL">B: προφίλ αγοραστή</elem>
		<elem lg="EN">B: Buyer profile</elem>
		<elem lg="ES">B: Perfil de comprador</elem>
		<elem lg="ET">B: Ostjaprofiil</elem>
		<elem lg="FI">B: Hankkijaprofiilia koskeva ilmoitus</elem>
		<elem lg="FR">B: Profil d'acheteur</elem>
		<elem lg="GA">B: Próifíl ceannaitheora</elem>
		<elem lg="HR">B: Profil kupca</elem>
		<elem lg="HU">B: Felhasználói oldalon közzétett hirdetmény</elem>
		<elem lg="IT">B: rofilo di committente</elem>
		<elem lg="LT">B: Skelbimas apie perkančiosios įmonės duomenis</elem>
		<elem lg="LV">B: Pircēja profilu</elem>
		<elem lg="MT">B: Profil tax-Xerrej</elem>
		<elem lg="NL">B: Kopersprofiel</elem>
		<elem lg="PL">B: Profilu Nabywcy</elem>
		<elem lg="PT">B: Perfil de adquirente</elem>
		<elem lg="RO">B: Profilul cumpărătorului</elem>
		<elem lg="SK">B: Profile kupujúceho</elem>
		<elem lg="SL">B: Profilu kupca</elem>
		<elem lg="SV">B: Upphandlarprofil</elem>
	</TD>
	<TD code="C">
		<elem lg="BG">C: Концесия за строителство</elem>
		<elem lg="CS">C: Koncese na stavební práce</elem>
		<elem lg="DA">C: Bygge- og anlægskoncessioner</elem>
		<elem lg="DE">C: Baukonzessionen</elem>
		<elem lg="EL">C: Συμβάσεις παραχώρησης έργων</elem>
		<elem lg="EN">C: Works concession</elem>
		<elem lg="ES">C: Concesión de obras</elem>
		<elem lg="ET">C: Ehitustööde kontsessioon</elem>
		<elem lg="FI">C: Käyttöoikeusurakat</elem>
		<elem lg="FR">C: Concessions de travaux</elem>
		<elem lg="GA">C: Lamháltais oibreacha</elem>
		<elem lg="HR">C: Koncesije za radove</elem>
		<elem lg="HU">C: Építési koncessziók</elem>
		<elem lg="IT">C: Concessione di lavori</elem>
		<elem lg="LT">C: Darbų koncesijos</elem>
		<elem lg="LV">C: Būvdarbu koncesijas</elem>
		<elem lg="MT">C: Konċessjonijiet ta' xogħlijiet</elem>
		<elem lg="NL">C: Concessieovereenkomst voor werken</elem>
		<elem lg="PL">C: Koncesje na roboty budowlane</elem>
		<elem lg="PT">C: Concessões de obras</elem>
		<elem lg="RO">C: Concesiune de lucrări publice</elem>
		<elem lg="SK">C: Koncesie na stavebné práce</elem>
		<elem lg="SL">C: Koncesije za gradnje</elem>
		<elem lg="SV">C: Byggkoncessioner</elem>
	</TD>
	<TD code="D">
		<elem lg="BG">D: Конкурс за проект</elem>
		<elem lg="CS">D: Výběrové řízení na projekt</elem>
		<elem lg="DA">D: Projektkonkurrence</elem>
		<elem lg="DE">D: Wettbewerbsbekanntmachung</elem>
		<elem lg="EL">D: Διαγωνισμός βάσει σχεδίων</elem>
		<elem lg="EN">D: Design contest</elem>
		<elem lg="ES">D: Anuncio de concurso de proyectos</elem>
		<elem lg="ET">D: Ideekonkurss</elem>
		<elem lg="FI">D: Ilmoitus suunnittelukilpailusta</elem>
		<elem lg="FR">D: Avis de concours</elem>
		<elem lg="GA">D: Comórtas dearaidh</elem>
		<elem lg="HR">D: Natječaj za projektiranje</elem>
		<elem lg="HU">D: Tervpályázat</elem>
		<elem lg="IT">D: Concorso di progettazione</elem>
		<elem lg="LT">D: Projektų konkursas</elem>
		<elem lg="LV">D: Projektu konkurss</elem>
		<elem lg="MT">D: Kompetizzjoni tad-disinn</elem>
		<elem lg="NL">D: Prijsvraag voor ontwerpen</elem>
		<elem lg="PL">D: Konkurs na projekt</elem>
		<elem lg="PT">D: Anúncio de concurso de concepção</elem>
		<elem lg="RO">D: Concurs de soluţii</elem>
		<elem lg="SK">D: Súťaž návrhov</elem>
		<elem lg="SL">D: Natečaj</elem>
		<elem lg="SV">D: Meddelande om formgivningstävlan</elem>
	</TD>
	<TD code="E">
		<elem lg="BG">E: Поръчки за строителство, възложени от концесионер</elem>
		<elem lg="CS">E: Zakázky na stavební práce zadané koncesionářem</elem>
		<elem lg="DA">E: Bygge- og anlægskontrakter, der tildeles af koncessionsindehaveren</elem>
		<elem lg="DE">E: Bauaufträge, die vom Konzessionär vergeben wurden</elem>
		<elem lg="EL">E: Συμβάσεις δημοσίων έργων εκ μέρους αναδόχου σύμβασης παραχώρησης</elem>
		<elem lg="EN">E: Works contracts awarded by the concessionnaire</elem>
		<elem lg="ES">E: Contratos de obras conrtados por el concesionario</elem>
		<elem lg="ET">E: Kontsessionääri poolt sõlmitud ehitustöölepingud</elem>
		<elem lg="FI">E: Käyttöoikeusurakan saajan tekemät aliurakkasopimukset</elem>
		<elem lg="FR">E: Marchés de travaux passés par le concessionnaire</elem>
		<elem lg="GA">E: Conarthaí oibreacha dáfa ag an lamháltóir</elem>
		<elem lg="HR">E: Ugovori o izvođenju radova koje dodjeljuje koncesionar</elem>
		<elem lg="HU">E: A koncesszió birtokosa által kiadott szerződések</elem>
		<elem lg="IT">E: Appalti di lavori aggiudicati dal concessionario</elem>
		<elem lg="LT">E: Koncesininko paskirtos darbų sutartys</elem>
		<elem lg="LV">E: Būvdarbu līgumi, ko piešķir koncesionārs</elem>
		<elem lg="MT">E: Kuntratti ta' xogħlijiet mogħtija mill-konċessjonarju</elem>
		<elem lg="NL">E: Door de concessiehouder geplaatste opdrachten voor uitvoering van werken</elem>
		<elem lg="PL">E: Zamówienia na roboty budowlane udzielone przez koncesjonariusza</elem>
		<elem lg="PT">E: Contratos de obras públicas adjudicados por um concessionário</elem>
		<elem lg="RO">E: Contracte de lucrări atribuite de către concesionar</elem>
		<elem lg="SK">E: Zmluvy o prácach pridelené koncesionárom</elem>
		<elem lg="SL">E: Javna naročila gradenj, dodeljena preko koncesionarjev</elem>
		<elem lg="SV">E: Bygg- och anläggningskontrakt som tilldelas av koncessionsinnehavaren</elem>
	</TD>
	<TD code="F">
		<elem lg="BG">F: Обявление за поръчка с подизпълнител</elem>
		<elem lg="CS">F: Oznámení o subdodávce</elem>
		<elem lg="DA">F: Bekendtgørelse om underentreprise</elem>
		<elem lg="DE">F: Bekanntmachung der Vergabe von Unteraufträgen</elem>
		<elem lg="EL">F: Προκήρυξη υπεργολαβίας</elem>
		<elem lg="EN">F: Subcontract notice</elem>
		<elem lg="ES">F: Anuncio de subcontratación</elem>
		<elem lg="ET">F: Teade allhanke kohta</elem>
		<elem lg="FI">F: Alihankintailmoitus</elem>
		<elem lg="FR">F: Avis de sous-traitance</elem>
		<elem lg="GA">F: Fógra i gcomhair fochonartha</elem>
		<elem lg="HR">F: Poziv na nadmetanje za podugovor</elem>
		<elem lg="HU">F: Alvállalkozói hirdetmény</elem>
		<elem lg="IT">F: Avviso di subappalto</elem>
		<elem lg="LT">F: Skelbimas apie subrangą</elem>
		<elem lg="LV">F: Paziņojums par apakšlīgumu</elem>
		<elem lg="MT">F: Avviż dwar sottokuntratt</elem>
		<elem lg="NL">F: Aankondiging van een opdracht in onderaanneming</elem>
		<elem lg="PL">F: Ogłoszenie o podwykonawstwie</elem>
		<elem lg="PT">F: Anúncio de subcontratação</elem>
		<elem lg="RO">F: Anunț de subcontractare</elem>
		<elem lg="SK">F: Oznámenie o subdodávke</elem>
		<elem lg="SL">F: Obvestilo o podizvajanju</elem>
		<elem lg="SV">F: Meddelande om underentreprenad</elem>
	</TD>
	<TD code="G">
		<elem lg="BG">G: Европейско обединение по икономически интереси (ЕОИИ)</elem>
		<elem lg="CS">G: Evropské hospodářské zájmové sdružení (EHZS)</elem>
		<elem lg="DA">G: Europæisk økonomisk firmagruppe (EØFG)</elem>
		<elem lg="DE">G: Europäische wirtschaftliche Interessenvereinigung (EWIV)</elem>
		<elem lg="EL">G: Ευρωπαϊκός όμιλος οικονομικού σκοπού (ΕΟΟΣ)</elem>
		<elem lg="EN">G: European economic interest grouping (EEIG)</elem>
		<elem lg="ES">G: Agrupación Europea de Interés Económico (AEIE)</elem>
		<elem lg="ET">G: Euroopa majandushuviühing</elem>
		<elem lg="FI">G: Eurooppalainen taloudellinen etuyhtymä (ETEY)</elem>
		<elem lg="FR">G: Groupement européen d’intérêt économique (GEIE)</elem>
		<elem lg="GA">G: Grúpáil Eorpach um Leas Eacnamaíoch (GELE)</elem>
		<elem lg="HR">G: Europsko gospodarsko interesno udruženje (EGIU)</elem>
		<elem lg="HU">G: Európai gazdasági egyesülés (EGE)</elem>
		<elem lg="IT">G: Gruppo europeo di interesse economico (GEIC)</elem>
		<elem lg="LT">G: Europos ekonominių interesų grupė (EEIG)</elem>
		<elem lg="LV">G: Eiropas Ekonomisko interešu grupa (EEIG)</elem>
		<elem lg="MT">G: Grupp ta’ Interess Ekonomiku Ewropew (GIEE)</elem>
		<elem lg="NL">G: Europees economisch samenwerkingsverband (EEIG)</elem>
		<elem lg="PL">G: Europejskie ugrupowanie interesów gospodarczych (EUIG)</elem>
		<elem lg="PT">G: Agrupamento Europeu de Interesse Económico (AEIE)</elem>
		<elem lg="RO">G: Grup european de interes economic (GEIE)</elem>
		<elem lg="SK">G: Európske zoskupenie hospodárskych záujmov (EZHZ)</elem>
		<elem lg="SL">G: Evropsko gospodarsko interesno združenje (EGIZ)</elem>
		<elem lg="SV">G: Europeisk ekonomisk intresseförening (EEIG)</elem>
	</TD>
	<TD code="H">
		<elem lg="BG">H: Концесия за услуги</elem>
		<elem lg="CS">H: Koncese na služby</elem>
		<elem lg="DA">H: Koncession for tjenesteydelser</elem>
		<elem lg="DE">H: Dienstleistungskonzession</elem>
		<elem lg="EL">H: Παραχώρηση υπηρεσιών</elem>
		<elem lg="EN">H: Services concession</elem>
		<elem lg="ES">H: Concesión de servicios</elem>
		<elem lg="ET">H: Teenuste kontsessioon</elem>
		<elem lg="FI">H: Palveluja koskevat käyttöoikeussopimukset</elem>
		<elem lg="FR">H: Concession de services</elem>
		<elem lg="GA">H: Lamháltas seirbhíse</elem>
		<elem lg="HR">H: Koncesije za usluge</elem>
		<elem lg="HU">H: Szolgáltatási koncesszió</elem>
		<elem lg="IT">H: Concessioni di servizi</elem>
		<elem lg="LT">H: Paslaugų koncesija</elem>
		<elem lg="LV">H: Pakalpojumu koncesija</elem>
		<elem lg="MT">H: Konċessjoni ta' servizzi</elem>
		<elem lg="NL">H: Concessie voor diensten</elem>
		<elem lg="PL">H: Koncesja na usługi</elem>
		<elem lg="PT">H: Concessão de serviços</elem>
		<elem lg="RO">H: Concesiune de servicii</elem>
		<elem lg="SK">H: Koncesie na služby</elem>
		<elem lg="SL">H: Koncesija za javne storitve</elem>
		<elem lg="SV">H: Tjänstekoncessioner</elem>
	</TD>
	<TD code="I">
		<elem lg="BG">I: Покана за изразяване на интерес</elem>
		<elem lg="CS">I: Výzva k vyjádření zájmu</elem>
		<elem lg="DA">I: Indkaldelse af interessetilkendegivelser</elem>
		<elem lg="DE">I: Aufruf zur Interessenbekundung</elem>
		<elem lg="EL">I: Πρόσκληση εκδήλωσης ενδιαφέροντος</elem>
		<elem lg="EN">I: Call for expressions of interest</elem>
		<elem lg="ES">I: Convocatoria de manifestaciones de interés</elem>
		<elem lg="ET">I: Kutse huvi kinnitavate teadete esitamiseks</elem>
		<elem lg="FI">I: Kiinnostuksenilmaisupyyntö</elem>
		<elem lg="FR">I: Appel à manifestations d'intérêt</elem>
		<elem lg="GA">I: Glao ar léirithe suime</elem>
		<elem lg="HR">I: Poziv za iskazivanje interesa</elem>
		<elem lg="HU">I: Részvételi szándéknyilatkozat</elem>
		<elem lg="IT">I: Invito a manifestare interesse</elem>
		<elem lg="LT">I: Kvietimas pareikšti norą dalyvauti konkurse</elem>
		<elem lg="LV">I: Aicinājums piedalīties</elem>
		<elem lg="MT">I: Stedina għall-wiri ta' interess</elem>
		<elem lg="NL">I: Oproep tot het indienen van blijken van belangstelling</elem>
		<elem lg="PL">I: Zaproszenie do składania zgłoszeń wyrażających zainteresowanie udziałem</elem>
		<elem lg="PT">I: Convite à manifestação de interesse</elem>
		<elem lg="RO">I: Scrisoare de interes</elem>
		<elem lg="SK">I: Výzva na vyjadrenie záujmu</elem>
		<elem lg="SL">I: Poziv k prijavi interesa</elem>
		<elem lg="SV">I: Uppmaning till intresseanmälan</elem>
	</TD>
	<TD code="J">
		<elem lg="BG">J: Обявление за възлагане на концесия</elem>
		<elem lg="CS">J: Oznámení o výsledku koncesního řízení</elem>
		<elem lg="DA">J: Bekendtgørelse om koncessionstildeling</elem>
		<elem lg="DE">J: Vergabebekanntmachung</elem>
		<elem lg="EL">J: Γνωστοποίηση ανάθεσης σύμβασης παραχώρησης</elem>
		<elem lg="EN">J: Concession award notice</elem>
		<elem lg="ES">J: Anuncio de adjudicación de concesiones</elem>
		<elem lg="ET">J: Kontsessiooni andmise teade</elem>
		<elem lg="FI">J: Käyttöoikeussopimusta koskeva jälki-ilmoitus</elem>
		<elem lg="FR">J: Avis d'attribution de concession</elem>
		<elem lg="GA">J: Fógra dámhachtana lamháltais</elem>
		<elem lg="HR">J: Obavijest o dodjeli koncesije</elem>
		<elem lg="HU">J: Koncesszió odaítéléséről szóló tájékoztató</elem>
		<elem lg="IT">J: Avviso di aggiudicazione della concessione</elem>
		<elem lg="LT">J: Skelbimas apie koncesijos suteikimą</elem>
		<elem lg="LV">J: Paziņojums par koncesijas piešķiršanu</elem>
		<elem lg="MT">J: Avviż dwar l-għoti ta’ konċessjoni</elem>
		<elem lg="NL">J: Aankondiging van de gunning van een concessie</elem>
		<elem lg="PL">J: Ogłoszenie o udzieleniu koncesji</elem>
		<elem lg="PT">J: Anúncio de adjudicação de concessões</elem>
		<elem lg="RO">J: Anunț de atribuire contract de concesiune</elem>
		<elem lg="SK">J: Oznámenie o udelení koncesie</elem>
		<elem lg="SL">J: Obvestilo o podelitvi koncesije</elem>
		<elem lg="SV">J: Meddelande om koncessionstilldelning</elem>
	</TD>
	<TD code="K">
		<elem lg="BG">K: Изменение на договор за поръчка или концесия по време на тяхното изпълнение</elem>
		<elem lg="CS">K: Změna zakázky/koncese během její doby platnosti</elem>
		<elem lg="DA">K: Ændring af en kontrakt/koncession i dens løbetid</elem>
		<elem lg="DE">K: Änderung einer Konzession/eines Auftrags während ihrer/seiner Laufzeit</elem>
		<elem lg="EL">K: Τροποποίηση σύμβασης/σύμβασης παραχώρησης κατά τη διάρκεια της ισχύος της</elem>
		<elem lg="EN">K: Modification of a contract/concession during its term</elem>
		<elem lg="ES">K: Modificación de un contrato / concesión durante su periodo de vigencia</elem>
		<elem lg="ET">K: Lepingu/kontsessiooni muutmine selle kehtivusajal</elem>
		<elem lg="FI">K: Hankintasopimuksen/käyttöoikeussopimuksen muuttaminen sen voimassaoloaikana</elem>
		<elem lg="FR">K: Modification d'un marché /d'une concession en cours</elem>
		<elem lg="GA">K: Conradh/lamháltas a athrú le linn a théarma</elem>
		<elem lg="HR">K: Izmjena ugovora/koncesije tijekom njegova/njezina trajanja</elem>
		<elem lg="HU">K: Szerződés/koncesszió módosítása annak időtartama alatt</elem>
		<elem lg="IT">K: Modifica di un contratto/una concessione durante il periodo di validità</elem>
		<elem lg="LT">K: Sutarties ar koncesijos keitimas galiojimo laikotarpiu</elem>
		<elem lg="LV">K: Līguma/koncesijas grozīšana tā/tās darbības laikā</elem>
		<elem lg="MT">K: Modifika ta’ kuntratt/konċessjoni matul it-terminu tiegħu</elem>
		<elem lg="NL">K: Wijziging van een opdracht/concessie tijdens de looptijd</elem>
		<elem lg="PL">K: Zmiana umowy/koncesji w okresie jej obowiązywania</elem>
		<elem lg="PT">K: Modificação de um contrato/de uma concessão durante o seu período de vigência</elem>
		<elem lg="RO">K: Modificarea unui contract/unei concesiuni în curs</elem>
		<elem lg="SK">K: Zmena zákazky/koncesie počas obdobia jej platnosti</elem>
		<elem lg="SL">K: Sprememba naročila/koncesije v času njene veljavnosti</elem>
		<elem lg="SV">K: Ändring av kontrakt/koncession under löptiden</elem>
	</TD>
	<TD code="M">
		<elem lg="BG">M: Периодично индикативно обявление с покана за участие в състезателна процедура</elem>
		<elem lg="CS">M: Pravidelná předběžná oznámení s výzvou k účasti v soutěži</elem>
		<elem lg="DA">M: Vejledende periodisk bekendtgørelse med indkaldelse af tilbud</elem>
		<elem lg="DE">M: Regelmäßige nichtverbindliche Bekanntmachung mit Aufruf zum Wettbewerb</elem>
		<elem lg="EL">M: Περιοδική ενδεικτική γνωστοποίηση με προκήρυξη διαγωνισμού</elem>
		<elem lg="EN">M: Periodic indicative notice with call for competition</elem>
		<elem lg="ES">M: Anuncio periódico indicativo con convocatoria de concurso</elem>
		<elem lg="ET">M: Hankekuulutusega perioodiline eelteade</elem>
		<elem lg="FI">M: Ohjeellinen kausi-ilmoitus, johon sisältyy tarjouskilpailukutsu</elem>
		<elem lg="FR">M: Avis périodique indicatif avec mise en concurrence</elem>
		<elem lg="GA">M: Fógra táscach tréimhsiúil maille le glaoch ar thairiscintí</elem>
		<elem lg="HR">M: Periodična indikativna obavijest s pozivom na nadmetanje</elem>
		<elem lg="HU">M: Időszakos tájékoztató hirdetmény ajánlati felhívással</elem>
		<elem lg="IT">M: Avviso periodico indicativo con indizione di gara</elem>
		<elem lg="LT">M: Reguliarus orientacinis skelbimas su kvietimu dalyvauti konkurse</elem>
		<elem lg="LV">M: Periodisks informatīvs paziņojums ar iepirkuma izsludināšanu</elem>
		<elem lg="MT">M: Avviż perjodiku indikattiv b’sejħa għal kompetizzjoni</elem>
		<elem lg="NL">M: Periodieke indicatieve aankondiging met oproep tot mededinging</elem>
		<elem lg="PL">M: Okresowe ogłoszenie informacyjne z zaproszeniem do ubiegania się o zamówienie</elem>
		<elem lg="PT">M: Anúncio periódico indicativo com abertura de concurso</elem>
		<elem lg="RO">M: Anunț orientativ periodic cu invitație la procedura concurențială de ofertare</elem>
		<elem lg="SK">M: Pravidelné informatívne oznámenie s výzvou na súťaž</elem>
		<elem lg="SL">M: Periodično informativno obvestilo z javnim razpisom</elem>
		<elem lg="SV">M: Periodiskt meddelande med anbudsinfordran</elem>
	</TD>
	<TD code="O">
		<elem lg="BG">O: Квалификационна система с покана за участие в конкурс</elem>
		<elem lg="CS">O: Kvalifikační systém s výzvou k soutěži</elem>
		<elem lg="DA">O: Brug af kvalifikationssystem med indkaldelse af bud</elem>
		<elem lg="DE">O: Anwendung eines Prüfungssystems mit Aufruf zum Wettbewerb</elem>
		<elem lg="EL">O: Σύστημα προεπιλογής με προκήρυξη διαγωνισμού</elem>
		<elem lg="EN">O: Qualification system with call for competition</elem>
		<elem lg="ES">O: Sistema de clasificación con convocatoria de concurso</elem>
		<elem lg="ET">O: Kvalifikatsioonisüsteem hankekuulutusega</elem>
		<elem lg="FI">O: Tarjouskilpailukutsun sisältävä ilmoitus kelpuuttamisjärjestelmästä</elem>
		<elem lg="FR">O: Système de qualification avec mise en concurrence</elem>
		<elem lg="GA">O: Córas cáilíochta le glao ar iomaíocht</elem>
		<elem lg="HR">O: Kvalifikacijski sustav s pozivom na nadmetanje</elem>
		<elem lg="HU">O: Minősítési rendszer, ajánlati felhívással</elem>
		<elem lg="IT">O: Avviso relativo all'esistenza di un sistema di qualificazione con indizione di gara</elem>
		<elem lg="LT">O: Kvalifikacinė atranka skelbiant konkursą</elem>
		<elem lg="LV">O: Kvalifikācijas sistēma ar aicinājumu piedalīties</elem>
		<elem lg="MT">O: Sistema ta' kwalifikazzjoni b'sejħa għall-kompetizzjoni</elem>
		<elem lg="NL">O: Erkenningsregeling met voorafgaande oproep tot mededinging</elem>
		<elem lg="PL">O: System kwalifikacji z zaproszeniem do ubiegania się o zamówienie</elem>
		<elem lg="PT">O: Sistema de qualificação com apelo à concorrência</elem>
		<elem lg="RO">O: Sistem de calificare cu anunţ de participare</elem>
		<elem lg="SK">O: Kvalifikačný systém s výzvou na súťaž</elem>
		<elem lg="SL">O: Kvalifikacijski sistem z javnim razpisom</elem>
		<elem lg="SV">O: Kvalifikationssystem med uppmaning till anbudsgivning</elem>
	</TD>
	<TD code="P">
		<elem lg="BG">P: Периодично индикативно обявление(ПИО) без покана за участие в конкурс</elem>
		<elem lg="CS">P: Pravidelného předběžného oznâmení - nepředstavujícího výzvu k účasti v soutěži-</elem>
		<elem lg="DA">P: Vejledende periodisk bekendtgørelse - anvendes ikke til at iværksætte udbud-</elem>
		<elem lg="DE">P: Regelmäßigen, nichtverbindlichen Bekanntmachung - die nicht als Aufruf zum Wettbewerb dient-</elem>
		<elem lg="EL">P: Περιοδικής ενδεικτικής προκήρυξης - που δεν χρησιμοποιείται ως μέσο προκήρυξης διαγωνισμού-</elem>
		<elem lg="EN">P: Periodic indicative notice without call for competition</elem>
		<elem lg="ES">P: Anuncio periôdico indicativo - que no sirve de convocatoria de licitaciôn-</elem>
		<elem lg="ET">P: perioodilist eelteadet - ei ole mõeldud hankemenetluse alustamiseks-</elem>
		<elem lg="FI">P: ohjeellista kausi-ilmoitusta - ei käytetä tarjouskilpailupyyntönä</elem>
		<elem lg="FR">P: avis périodique indicatif - ne servant pas de moyen de mise en concurrence-</elem>
		<elem lg="GA">P: Fógra táscach tréimhsiúil (PIN) gan ghlao ar iomaíocht</elem>
		<elem lg="HR">P: Periodična informativna obavijest (PIN) bez poziva na nadmetanje</elem>
		<elem lg="HU">P: Időszakos tájékoztató hirdetmény – nem pályázati felhívásként alkalmazva–</elem>
		<elem lg="IT">P: Avviso indicativo periodico - non utilizzato come mezzo di indizione di gara-</elem>
		<elem lg="LT">P: Periodiniu preliminariu skelbimu - kuriuo neskelbiamas konkursas-</elem>
		<elem lg="LV">P: Periodiskais informatīvais paziņojums, kas nav dalības uzaicinājums</elem>
		<elem lg="MT">P: Avviż Perjodiku Indikattiv - mhux użat bħala meżż ta' sejħa għal kompetizzjoni-</elem>
		<elem lg="NL">P: Periodieke indicatieve aankondiging - niet gebruikt als middel voor een oproep tot mededinging</elem>
		<elem lg="PL">P: Okresowego ogłoszenia informacyjnego - nie będącego zaproszeniem do ubiegania się o zamôwienie-</elem>
		<elem lg="PT">P: Anúncio periódico indicativo - não utilizado como meio de abertura de concurso-</elem>
		<elem lg="RO">P: Anunţ periodic de intenţie(PIN) fără anunţ de participare</elem>
		<elem lg="SK">P: pravidelného informatívneho oznâmenia bez výzvy na súťaž</elem>
		<elem lg="SL">P: Periodičnega informativnega obvestila - ki ni uporabljeno kot sredstvo za objavo javnega razpisa-</elem>
		<elem lg="SV">P: periodiskt meddelande –om upphandling inte utnyttjas</elem>
	</TD>
	<TD code="Q">
		<elem lg="BG">Q: Квалификационна система без покана за участие в конкурс</elem>
		<elem lg="CS">Q: Kvalifikační systém bez výzvy k soutěži</elem>
		<elem lg="DA">Q: Brug af kvalifikationssystem uden indkaldelse af bud</elem>
		<elem lg="DE">Q: Anwendung eines Prüfungssystems ohne Aufruf zum Wettbewerb</elem>
		<elem lg="EL">Q: Σύστημα προεπιλογής χωρίς προκήρυξη διαγωνισμού</elem>
		<elem lg="EN">Q: Qualification system without call for competition</elem>
		<elem lg="ES">Q: Sistema de clasificación sin convocatoria de concurso</elem>
		<elem lg="ET">Q: Kvalifikatsioonisüsteem hankekuulutuseta</elem>
		<elem lg="FI">Q: Ilmoitus kelpuuttamisjärjestelmästä ilman tarjouskilpailukutsua</elem>
		<elem lg="FR">Q: Système de qualification sans mise en concurrence</elem>
		<elem lg="GA">Q: Córas cáilíochta gan ghlao ar iomaíocht</elem>
		<elem lg="HR">Q: Kvalifikacijski sustav bez poziva na nadmetanje</elem>
		<elem lg="HU">Q: Minősítési rendszer, ajánlati felhívás nélkül</elem>
		<elem lg="IT">Q: Avviso relativo all'esistenza di un sistema di qualificazione senza indizione di gara</elem>
		<elem lg="LT">Q: Kvalifikacinė atranka neskelbiant konkurso</elem>
		<elem lg="LV">Q: Kvalifikācijas sistēma bez aicinājuma piedalīties</elem>
		<elem lg="MT">Q: Sistema ta' kwalifikazzjoni mingħajr sejħa għall-kompetizzjoni</elem>
		<elem lg="NL">Q: Erkenningsregeling zonder voorafgaande oproep tot mededinging</elem>
		<elem lg="PL">Q: System kwalifikacji bez zaproszenia do ubiegania się o zamówienie</elem>
		<elem lg="PT">Q: Sistema de qualificação sem apelo à concorrência</elem>
		<elem lg="RO">Q: Sistem de calificare fără anunţ de participare</elem>
		<elem lg="SK">Q: Kvalifikačný systém bez výzvy na súťaž</elem>
		<elem lg="SL">Q: Kvalifikacijski sistem brez javnega razpisa</elem>
		<elem lg="SV">Q: Kvalifikationssystem utan uppmaning till anbudsgivning</elem>
	</TD>
	<TD code="R">
		<elem lg="BG">R: Резултати от конкурс за проект</elem>
		<elem lg="CS">R: Výsledky výběrového řízení na projekt</elem>
		<elem lg="DA">R: Resultater af projektkonkurrencer</elem>
		<elem lg="DE">R: Wettbewerbsergebnisse</elem>
		<elem lg="EL">R: Αποτέλεσματα διαγωνισμών βάσει σχεδίου</elem>
		<elem lg="EN">R: Results of design contests</elem>
		<elem lg="ES">R: Resultados de concursos de proyectos</elem>
		<elem lg="ET">R: Ideekonkursside tulemused</elem>
		<elem lg="FI">R: Suunnittelukilpailun tulokset</elem>
		<elem lg="FR">R: Résultat de concours</elem>
		<elem lg="GA">R: Torthaí na gcomórtas dearaidh</elem>
		<elem lg="HR">R: Rezultati natječaja za projektiranje</elem>
		<elem lg="HU">R: Tervpályázatok eredményei</elem>
		<elem lg="IT">R: Risultati di concorsi di progettazione</elem>
		<elem lg="LT">R: Projektų konkursų rezultatai</elem>
		<elem lg="LV">R: Projektu konkursu rezultāti</elem>
		<elem lg="MT">R: Riżultati ta' kompetizzjonijiet tad-disinn</elem>
		<elem lg="NL">R: Resultaten van prijsvragen voor ontwerpen</elem>
		<elem lg="PL">R: Wyniki konkursu na projekt</elem>
		<elem lg="PT">R: Resultado do concurso de concepção</elem>
		<elem lg="RO">R: Rezultatele concursului de soluţii</elem>
		<elem lg="SK">R: Výsledky súťaží návrhov</elem>
		<elem lg="SL">R: Rezultati natečajev</elem>
		<elem lg="SV">R: Resultat av formgivningstävlan</elem>
	</TD>
	<TD code="S">
		<elem lg="BG">S: Европейско дружество</elem>
		<elem lg="CS">S: Evropská společnost</elem>
		<elem lg="DA">S: Europæisk selskab</elem>
		<elem lg="DE">S: Europäische Gesellschaft</elem>
		<elem lg="EL">S: Ευρωπαϊκή εταιρεία</elem>
		<elem lg="EN">S: European company</elem>
		<elem lg="ES">S: Sociedad europea</elem>
		<elem lg="ET">S: Euroopa äriühing</elem>
		<elem lg="FI">S: Eurooppayhtiö</elem>
		<elem lg="FR">S: Société européenne</elem>
		<elem lg="GA">S: Comhlacht Eorpach</elem>
		<elem lg="HR">S: Europsko društvo</elem>
		<elem lg="HU">S: Európai részvénytársaság</elem>
		<elem lg="IT">S: Società europea</elem>
		<elem lg="LT">S: Società europea</elem>
		<elem lg="LV">S: Eiropas uzņēmējsabiedrība</elem>
		<elem lg="MT">S: Kumpanija Ewropea</elem>
		<elem lg="NL">S: Europese vennootschap</elem>
		<elem lg="PL">S: Spółka europejska</elem>
		<elem lg="PT">S: Sociedade Europeia</elem>
		<elem lg="RO">S: Companie europeană</elem>
		<elem lg="SK">S: Európska spoločnosť</elem>
		<elem lg="SL">S: Evropska družba</elem>
		<elem lg="SV">S: Europabolag</elem>
	</TD>
	<TD code="V">
		<elem lg="BG">V: Обявление за доброволна прозрачност ex ante</elem>
		<elem lg="CS">V: Oznámení o dobrovolné průhlednosti ex ante</elem>
		<elem lg="DA">V: Bekendtgørelse med henblik på frivillig forudgående gennemsigtighed</elem>
		<elem lg="DE">V: Freiwillige ex ante-transparenzbekanntmachung</elem>
		<elem lg="EL">V: Προκηρυξη για εκουσια εκ των προτερων διαφανεια</elem>
		<elem lg="EN">V: Voluntary ex ante transparency notice</elem>
		<elem lg="ES">V: Anuncio de transparencia previa voluntaria</elem>
		<elem lg="ET">V: Vabatahtlik eelnev avalikustamisteade</elem>
		<elem lg="FI">V: Vapaaehtoista ex ante avoimuutta koskeva ilmoitus</elem>
		<elem lg="FR">V: Avis en cas de transparence ex ante volontaire</elem>
		<elem lg="GA">V: Voluntary ex ante transparency notice</elem>
		<elem lg="HR">V: Obavijest za dobrovoljnu ex-ante transparentnost</elem>
		<elem lg="HU">V: Önkéntes előzetes átláthatóságra vonatkozó hirdetmény</elem>
		<elem lg="IT">V: Avviso volontario per la trasparenza ex ante</elem>
		<elem lg="LT">V: Pranešimas dėl savanoriško ex ante skaidrumo</elem>
		<elem lg="LV">V: Paziņojums par brīvprātīgu ex ante pārskatāmību</elem>
		<elem lg="MT">V: Avviż għal trasparenza ex-ante volontarja</elem>
		<elem lg="NL">V: Aankondiging in geval van vrijwillige transparantie vooraf</elem>
		<elem lg="PL">V: Ogłoszenie o dobrowolnej przejrzystości ex ante</elem>
		<elem lg="PT">V: Anúncio voluntário de transparência ex ante</elem>
		<elem lg="RO">V: Anunţ de transparenţă ex ante voluntară</elem>
		<elem lg="SK">V: Oznámenie o dobrovoľnej transparentnosti ex-ante</elem>
		<elem lg="SL">V: Prostovoljno obvestilo za predhodno transparentnost</elem>
		<elem lg="SV">V: Meddelande om frivillig förhandsinsyn</elem>
	</TD>
	<TD code="Y">
		<elem lg="BG">Y: Динамична система за покупки</elem>
		<elem lg="CS">Y: dynamického nákupního systému</elem>
		<elem lg="DA">Y: dynamisk indkøbssystem</elem>
		<elem lg="DE">Y: dynamischen Beschaffungssystems</elem>
		<elem lg="EL">Y: δυναμικού συστήματος αγορών (ΔΣΑ)</elem>
		<elem lg="EN">Y: Dynamic purchasing system</elem>
		<elem lg="ES">Y: sistema dinámico de adquisición</elem>
		<elem lg="ET">Y: Dünaamilise ostusüsteemi loomiseks</elem>
		<elem lg="FI">Y: dynaamisen hankintajärjestelmän perustamisesta</elem>
		<elem lg="FR">Y: Système d’acquisition dynamique</elem>
		<elem lg="GA">Y: Córas ceannaigh dinimiciúil</elem>
		<elem lg="HR">Y: Dinamički sustav nabave</elem>
		<elem lg="HU">Y: Dinamikus beszerzési rendszer</elem>
		<elem lg="IT">Y: sistema dinamico di acquisizione</elem>
		<elem lg="LT">Y: Dinaminės pirkimų sistemos</elem>
		<elem lg="LV">Y: Dinamiskās iepirkumu sistēmas</elem>
		<elem lg="MT">Y: Sistema Dinamika ta’ Xiri</elem>
		<elem lg="NL">Y: Dynamisch aankoopsysteem</elem>
		<elem lg="PL">Y: Dynamicznego Systemu Zakupów</elem>
		<elem lg="PT">Y: Sistema de aquisição dinâmico</elem>
		<elem lg="RO">Y: Sistem de  achiziţii dinamic</elem>
		<elem lg="SK">Y: Dynamického nákupného systému</elem>
		<elem lg="SL">Y: dinamičnega nakupovalnega sistema</elem>
		<elem lg="SV">Y: Dynamiskt inköpssystem</elem>
	</TD>
</NAT_NOTICE>
