<?xml version="1.0" encoding="UTF-8"?>
<MARKET_ORG>
	<RP code="0">
		<elem lg="BG">0: PHARE, TACIS и страните от Централна и Източна Европа</elem>
		<elem lg="CS">0: PHARE, TACIS a země střední a východní Evropy</elem>
		<elem lg="DA">0: Phare, Tacis og lande i Central- og Østeuropa</elem>
		<elem lg="DE">0: PHARE, TACIS und mittel- und osteuropäische Länder (MOEL)</elem>
		<elem lg="EL">0: Phare, Tacis και χώρες της Κεντρικής και Ανατολικής Ευρώπης</elem>
		<elem lg="EN">0: PHARE, TACIS and countries of Central and Eastern Europe</elem>
		<elem lg="ES">0: PHARE, TACIS y países de Europa Central y Oriental</elem>
		<elem lg="ET">0: PHARE, TACIS ning Kesk- ja Ida-Euroopa riigid</elem>
		<elem lg="FI">0: PHARE, TACIS ja Keski- ja Itä-Euroopan maat</elem>
		<elem lg="FR">0: Phare, Tacis et pays d'Europe centrale et orientale</elem>
		<elem lg="GA">0: PHARE, TACIS agus tíortha i Lár agus Oirthear na hEorpa</elem>
		<elem lg="HR">0: PHARE, TACIS i države srednje i istočne Europe</elem>
		<elem lg="HU">0: PHARE, TACIS valamint Közép- és Kelet-Európa országai</elem>
		<elem lg="IT">0: Phare, Tacis e paesi dell'Europa centrale e orientale</elem>
		<elem lg="LT">0: PHARE, TACIS ir Vidurio bei Rytų Europos šalys</elem>
		<elem lg="LV">0: PHARE, TACIS un Centrālās un Austrumeiropas valstis</elem>
		<elem lg="MT">0: PHARE,TACIS u l-pajjiżi ta' l-Ewropa Ċentrali u ta' Lvant</elem>
		<elem lg="NL">0: Phare, Tacis en landen van Midden- en Oost-Europa</elem>
		<elem lg="PL">0: PHARE, TACIS i kraje Europy Europy Środkowej i Wschodniej</elem>
		<elem lg="PT">0: PHARE, TACIS e países da Europa Central e Oriental</elem>
		<elem lg="RO">0: PHARE, TACIS şi ţări din Europa Centrală şi de Est</elem>
		<elem lg="SK">0: PHARE, TACIS a krajiny strednej a východnej Európy</elem>
		<elem lg="SL">0: PHARE, TACIS in države srednje in vzhodne Evrope</elem>
		<elem lg="SV">0: Phare, Tacis och länder i Central- och Östeuropa</elem>
	</RP>
	<RP code="1">
		<elem lg="BG">1: Външна помощ и Европейски фонд за развитие</elem>
		<elem lg="CS">1: Vnější pomoc a Evropský fond pro rozvoj</elem>
		<elem lg="DA">1: Ekstern bistand og Den Europæiske Udviklingsfond</elem>
		<elem lg="DE">1: Außenhilfe und Europäischer Entwicklungsfonds</elem>
		<elem lg="EL">1: Εξωτερική βοήθεια και Ευρωπαϊκό Ταμείο Ανάπτυξης</elem>
		<elem lg="EN">1: External aid and European Development Fund</elem>
		<elem lg="ES">1: Ayuda externa y Fondo Europeo de Desarrollo</elem>
		<elem lg="ET">1: Välisabi ja Euroopa Arengufond</elem>
		<elem lg="FI">1: Ulkomaanapu ja Euroopan kehitysrahasto</elem>
		<elem lg="FR">1: Aide extérieure et Fonds européen de développement</elem>
		<elem lg="GA">1: Cúnamh seachtrach agus Ciste Forbraíochta na hEorpa</elem>
		<elem lg="HR">1: Vanjska pomoć i Europski fond za razvoj</elem>
		<elem lg="HU">1: Külső segélyprogram és az Európai Fejlesztési Alap</elem>
		<elem lg="IT">1: Aiuto esterno e Fondo europeo di sviluppo</elem>
		<elem lg="LT">1: Išorinės pagalbos ir Europos plėtros fondas</elem>
		<elem lg="LV">1: Ārējā palīdzība un Eiropas Attīstības fonds</elem>
		<elem lg="MT">1: Fond għall-għajnuna barranija u għall-Iżvilupp Ewropew</elem>
		<elem lg="NL">1: Hulp aan derde landen en Europees Ontwikkelingsfonds</elem>
		<elem lg="PL">1: Pomoc zewnętrzna i Europejski Fundusz Rozwoju</elem>
		<elem lg="PT">1: Ajuda externa e Fundo Europeu de Desenvolvimento</elem>
		<elem lg="RO">1: Ajutor Extern şi Fondul de Dezvoltare Europeană</elem>
		<elem lg="SK">1: Vonkajšia pomoc a Európsky rozvojový fond</elem>
		<elem lg="SL">1: Zunanja pomoč in Evropski razvojni sklad</elem>
		<elem lg="SV">1: Externt bistånd och Europeiska utvecklingsfonden</elem>
	</RP>
	<RP code="2">
		<elem lg="BG">2: Европейска инвестиционна банка, Европейски инвестиционен фонд, Европейска банка за възстановяване и развитие</elem>
		<elem lg="CS">2: Evropská investiční banka, Evropský investiční fond, Evropská banka pro obnovu a rozvoj</elem>
		<elem lg="DA">2: Den Europæiske Investeringsbank, Den Europæiske Investeringsfond, Den Europæiske Bank for Genopbygning og Udvikling</elem>
		<elem lg="DE">2: Europäische Investitionsbank, Europäischer Investitionsfonds, Europäische Bank für Wiederaufbau und Entwicklung</elem>
		<elem lg="EL">2: Ευρωπαϊκή Τράπεζα Επενδύσεων, Ευρωπαϊκό Ταμείο Επενδύσεων, Ευρωπαϊκή Τράπεζα Aνασυγκρότησης και Ανάπτυξης</elem>
		<elem lg="EN">2: European Investment Bank, European Investment Fund, European Bank for Reconstruction and Development</elem>
		<elem lg="ES">2: Banco Europeo de Inversiones, Fondo Europeo de Inversiones, Banco Europeo de Reconstrucción y desarrollo</elem>
		<elem lg="ET">2: Euroopa Investeerimispank, Euroopa Investeerimisfond, Euroopa Rekonstruktsiooni- ja Arengupank</elem>
		<elem lg="FI">2: Euroopan investointipankki, Euroopan investointirahasto, Euroopan jälleenrakennus- ja kehityspankki</elem>
		<elem lg="FR">2: Banque européenne d'investissement, Fonds européen d'investissement, Banque européenne pour la reconstruction et le développement</elem>
		<elem lg="GA">2: Banc Infheistíochta na hEorpa, An Ciste Eorpach Infheistíochta, Banc na hEorpa um Athchóiriú agus Forbairt</elem>
		<elem lg="HR">2: Europska investicijska banka, Europski investicijski fond, Europska banka za obnovu i razvoj</elem>
		<elem lg="HU">2: Európai Beruházási Bank, Európai Beruházási Alap, Európai Újjáépítési és Fejlesztési Bank</elem>
		<elem lg="IT">2: Banca europea per gli investimenti, Fondo europeo per gli investimenti, Banca europea per la ricostruzione e lo sviluppo</elem>
		<elem lg="LT">2: Europos investicijų bankas, Europos investicijų fondas, Europos rekonstrukcijos ir plėtros bankas</elem>
		<elem lg="LV">2: Eiropas Investīciju banka, Eiropas Investīciju fonds, Eiropas Rekonstrukcijas un attīstības banka</elem>
		<elem lg="MT">2: Bank għall-Investiment Ewropew, Il-Fond Ewropew tal-Investiment, Bank Ewropew għar-Rikostruzzjoni u għall-Iżvilupp</elem>
		<elem lg="NL">2: Europese Investeringsbank, Europees Investeringsfonds, Europese Bank voor Wederopbouw en Ontwikkeling</elem>
		<elem lg="PL">2: Europejski Bank Inwestycyjny, Europejski Fundusz Inwestycyjny, Europejski Bank Odbudowy i Rozwoju</elem>
		<elem lg="PT">2: Banco Europeu de Investimento, Fundo Europeu de Investimento, Banco Europeu para a Reconstrução e o Desenvolvimento</elem>
		<elem lg="RO">2: Banca Europeană de Investiţii, Fondul European de Investiții, Banca Europeană pentru Reconstrucţii şi Dezvoltare</elem>
		<elem lg="SK">2: Európska investičná banka, Európsky investičný fond, Európska banka pre obnovu a rozvoj</elem>
		<elem lg="SL">2: Evropska investicijska banka, Evropski investicijski sklad, Evropska banka za obnovo in razvoj</elem>
		<elem lg="SV">2: Europeiska investeringsbanken, Europeiska investeringsfonden, Europeiska banken för återuppbyggnad och utveckling</elem>
	</RP>
	<RP code="3">
		<elem lg="BG">3: европейска институция/агенция или международна организация</elem>
		<elem lg="CS">3: Evropská instituce/agentura nebo mezinárodní organizace</elem>
		<elem lg="DA">3: Europæisk institution/agentur eller international organisation</elem>
		<elem lg="DE">3: Europäische Institution/Agentur oder internationale Organisation</elem>
		<elem lg="EL">3: Ευρωπαϊκό θεσμικό όργανο/οργανισμός ή διεθνής οργανισμός</elem>
		<elem lg="EN">3: European Institution/Agency or International Organisation</elem>
		<elem lg="ES">3: Institución/organismo descentralizado europeo u organización internacional</elem>
		<elem lg="ET">3: Euroopa Liidu institutsioon või rahvusvaheline organisatsioon</elem>
		<elem lg="FI">3: n toimielin/virasto tai kansainvälinen organisaatio</elem>
		<elem lg="FR">3: Institution/agence européenne ou organisation internationale</elem>
		<elem lg="GA">3: Institiúid/Gníomhaireacht Eorpach nó Eagraíocht Idirnáisiúnta</elem>
		<elem lg="HR">3: Europska institucija/agencija ili međunarodna organizacija</elem>
		<elem lg="HU">3: Európai intézmény/ügynökség vagy nemzetközi szervezet</elem>
		<elem lg="IT">3: Istituzione/agenzia europea o organizzazione internazionale</elem>
		<elem lg="LT">3: Europos institucija arba agentūra ar tarptautinė organizacija</elem>
		<elem lg="LV">3: Eiropas institūcija/aģentūra vai starptautiska organizācija</elem>
		<elem lg="MT">3: Istituzzjoni.Aġenzija Ewropea jew Organizzazzjoni Internazzjonali</elem>
		<elem lg="NL">3: Europese instelling/Europees agentschap of internationale organisatie</elem>
		<elem lg="PL">3: Instytucja/agencja europejska lub organizacja międzynarodowa</elem>
		<elem lg="PT">3: Instituição Europeia/Agência ou organização internacional</elem>
		<elem lg="RO">3: Instituţie/agenţie europeană sau organizaţie internaţională</elem>
		<elem lg="SK">3: Európska inštitúcia/agentúra alebo medzinárodná organizácia</elem>
		<elem lg="SL">3: Evropska institucija/agencija ali mednarodna organizacija</elem>
		<elem lg="SV">3: EU-institution/organ eller internationell organisation</elem>
	</RP>
	<RP code="4">
		<elem lg="BG">4: Европейски съюз</elem>
		<elem lg="CS">4: Evropská unie</elem>
		<elem lg="DA">4: Den Europæiske Union</elem>
		<elem lg="DE">4: Europäische Union</elem>
		<elem lg="EL">4: Ευρωπαϊκή Ένωση</elem>
		<elem lg="EN">4: European Union</elem>
		<elem lg="ES">4: Unión Europea</elem>
		<elem lg="ET">4: Euroopa Liit</elem>
		<elem lg="FI">4: Euroopan unioni</elem>
		<elem lg="FR">4: Union européenne</elem>
		<elem lg="GA">4: An tAontas Eorpach</elem>
		<elem lg="HR">4: Europska unija</elem>
		<elem lg="HU">4: Európai Unió</elem>
		<elem lg="IT">4: Unione Europea</elem>
		<elem lg="LT">4: Europos Sąjunga</elem>
		<elem lg="LV">4: Eiropas Savienība</elem>
		<elem lg="MT">4: L-Unjoni Ewropea</elem>
		<elem lg="NL">4: Europese Unie</elem>
		<elem lg="PL">4: Unia Europejska</elem>
		<elem lg="PT">4: União Europeia</elem>
		<elem lg="RO">4: Uniunea Europeană</elem>
		<elem lg="SK">4: Európska únia</elem>
		<elem lg="SL">4: Evropska unija</elem>
		<elem lg="SV">4: Europeiska unionen</elem>
	</RP>
	<RP code="5">
		<elem lg="BG">5: Европейски съюз, с участието на страни от GPA</elem>
		<elem lg="CS">5: Evropská Unie, za účasti zemí GPA</elem>
		<elem lg="DA">5: Den Europæiske Union, med deltagelse af GPA-lande</elem>
		<elem lg="DE">5: Europäische Union, mit GPA-Beteiligung</elem>
		<elem lg="EL">5: Ευρωπαϊκή Ένωση, με συμμετοχή χωρών της GPA</elem>
		<elem lg="EN">5: European Union, with participation of GPA countries</elem>
		<elem lg="ES">5: Unión Europea con participación de Estados ACP</elem>
		<elem lg="ET">5: Euroopa Liit GPA riikide osalusega</elem>
		<elem lg="FI">5: Euroopan unioni ja WTO-maat</elem>
		<elem lg="FR">5: Union européenne, avec participation des pays de l'AMP</elem>
		<elem lg="GA">5: An tAontas Eorpach, le rannpháirtíocht ó thíortha GPA</elem>
		<elem lg="HR">5: Europska unija, uz sudjelovanje država SJN-a</elem>
		<elem lg="HU">5: Európai Unió a GPA-országok részvételével</elem>
		<elem lg="IT">5: Unione Europea, con partecipazione AAP</elem>
		<elem lg="LT">5: Europos Sąjunga, dalyvaujant GPA šalims</elem>
		<elem lg="LV">5: Eiropas Savienība, piedaloties GPA valstīm</elem>
		<elem lg="MT">5: L-Unjoni Ewropea bil-parteċipazzjoni tal-pajjiżi tal-GPA</elem>
		<elem lg="NL">5: Europese Unie, met GPA-deelname</elem>
		<elem lg="PL">5: Unia Europejska, z udziałem krajów GPA</elem>
		<elem lg="PT">5: União Europeia com participação dos países ACP</elem>
		<elem lg="RO">5: Uniunea Europeană, cu participarea ţărilor membre ACAP</elem>
		<elem lg="SK">5: Európska únia s účasťou krajín GPA</elem>
		<elem lg="SL">5: Evropska unija s soudeležbo držav GPA</elem>
		<elem lg="SV">5: Europeiska unionen – inom ramen för avtalet om offentlig upphandling</elem>
	</RP>
	<RP code="6">
		<elem lg="BG">6: Европейско икономическо пространство (ЕИП)</elem>
		<elem lg="CS">6: Evropský hospodářský prostor (EEA)</elem>
		<elem lg="DA">6: Det Europæiske Økonomiske Samarbejdsområde (EØS)</elem>
		<elem lg="DE">6: Europäischer Wirtschaftsraum (EWR)</elem>
		<elem lg="EL">6: Ευρωπαϊκός Οικονομικός Χώρος (ΕΟΧ)</elem>
		<elem lg="EN">6: European Economic Area (EEA)</elem>
		<elem lg="ES">6: Espacio Económico Europeo (EEE)</elem>
		<elem lg="ET">6: Euroopa Majanduspiirkond (EMP)</elem>
		<elem lg="FI">6: Euroopan talousalue (ETA)</elem>
		<elem lg="FR">6: Espace économique européen (EEE)</elem>
		<elem lg="GA">6: Limistéar Eorpach Eacnamaíoch (LEE)</elem>
		<elem lg="HR">6: Europski gospodarski prostor (EGP)</elem>
		<elem lg="HU">6: Európai Gazdasági Térség (EGT)</elem>
		<elem lg="IT">6: Spazio economico europeo (SEE)</elem>
		<elem lg="LT">6: Europos ekonominė erdvė (EEE)</elem>
		<elem lg="LV">6: Eiropas Ekonomiskā zona (EEZ)</elem>
		<elem lg="MT">6: Żona Ekonomika Ewropea (ŻEE)</elem>
		<elem lg="NL">6: Europese Economische Ruimte (EER)</elem>
		<elem lg="PL">6: Europejski Obszar Gospodarczy (EOG)</elem>
		<elem lg="PT">6: Espaço Económico Europeu (EEE)</elem>
		<elem lg="RO">6: Zona Economică Europeană(EEA)</elem>
		<elem lg="SK">6: Európsky hospodársky priestor (EHP)</elem>
		<elem lg="SL">6: Evropski gospodarski prostor (EGP)</elem>
		<elem lg="SV">6: Europeiska ekonomiska samarbetsområdet (EES)</elem>
	</RP>
	<RP code="7">
		<elem lg="BG">7: GPA</elem>
		<elem lg="CS">7: GPA (Všeobecná dohodao clech a obchodu)</elem>
		<elem lg="DA">7: WTO</elem>
		<elem lg="DE">7: GPA</elem>
		<elem lg="EL">7: GPA</elem>
		<elem lg="EN">7: GPA</elem>
		<elem lg="ES">7: ACP</elem>
		<elem lg="ET">7: GPA</elem>
		<elem lg="FI">7: WTO</elem>
		<elem lg="FR">7: AMP</elem>
		<elem lg="GA">7: GPA</elem>
		<elem lg="HR">7: SJN</elem>
		<elem lg="HU">7: GPA (Általános Vámtarifa- és Kereskedelmi Egyezmény)</elem>
		<elem lg="IT">7: AAP</elem>
		<elem lg="LT">7: GPA</elem>
		<elem lg="LV">7: GPA</elem>
		<elem lg="MT">7: FGK</elem>
		<elem lg="NL">7: GPA</elem>
		<elem lg="PL">7: GPA</elem>
		<elem lg="PT">7: ACP</elem>
		<elem lg="RO">7: GPA</elem>
		<elem lg="SK">7: GPA (všeobecná dohoda o clách a obchode)</elem>
		<elem lg="SL">7: GPA</elem>
		<elem lg="SV">7: GPA</elem>
	</RP>
	<RP code="8">
		<elem lg="BG">8: Друго</elem>
		<elem lg="CS">8: Jiné</elem>
		<elem lg="DA">8: Andre</elem>
		<elem lg="DE">8: Andere</elem>
		<elem lg="EL">8: Λοιπά</elem>
		<elem lg="EN">8: Other</elem>
		<elem lg="ES">8: Otros</elem>
		<elem lg="ET">8: Muu</elem>
		<elem lg="FI">8: Muut</elem>
		<elem lg="FR">8: Autres</elem>
		<elem lg="GA">8: Eile</elem>
		<elem lg="HR">8: Drugo</elem>
		<elem lg="HU">8: Egyéb</elem>
		<elem lg="IT">8: Altro</elem>
		<elem lg="LT">8: Kita</elem>
		<elem lg="LV">8: Citi</elem>
		<elem lg="MT">8: Ieħor</elem>
		<elem lg="NL">8: Andere</elem>
		<elem lg="PL">8: Inne</elem>
		<elem lg="PT">8: Outras</elem>
		<elem lg="RO">8: Altele</elem>
		<elem lg="SK">8: Iné</elem>
		<elem lg="SL">8: Drugo</elem>
		<elem lg="SV">8: Andra</elem>
	</RP>
	<RP code="9">
		<elem lg="BG">9: Не е проложимо</elem>
		<elem lg="CS">9: Nehodící se</elem>
		<elem lg="DA">9: Finder ikke anvendelse</elem>
		<elem lg="DE">9: Entfällt</elem>
		<elem lg="EL">9: Άνευ αντικειμένου</elem>
		<elem lg="EN">9: Not applicable</elem>
		<elem lg="ES">9: No procede</elem>
		<elem lg="ET">9: Ei kohaldata</elem>
		<elem lg="FI">9: Ei sovelleta</elem>
		<elem lg="FR">9: Sans objet</elem>
		<elem lg="GA">9: Neamhbhainteach</elem>
		<elem lg="HR">9: Ne primjenjuje se</elem>
		<elem lg="HU">9: Nem alkalmazható</elem>
		<elem lg="IT">9: Non applicabile</elem>
		<elem lg="LT">9: Netaikoma</elem>
		<elem lg="LV">9: Nav</elem>
		<elem lg="MT">9: Ma japplikax</elem>
		<elem lg="NL">9: Niet van toepassing</elem>
		<elem lg="PL">9: Nie dotyczy</elem>
		<elem lg="PT">9: Não consta</elem>
		<elem lg="RO">9: Nu se aplică</elem>
		<elem lg="SK">9: Neuplatniteľné</elem>
		<elem lg="SL">9: Ni primerno</elem>
		<elem lg="SV">9: Ej tillämpligt</elem>
	</RP>
	<RP code="A">
		<elem lg="BG">A: Споразумение за възлагане на поръчки в сферата на телекомуникациите между САЩ и Япония</elem>
		<elem lg="CS">A: Dohoda o zadávání zakázek v oblasti telekomunikací mezi USA a Japonskem</elem>
		<elem lg="DA">A: Aftale om telekommunikationskontrakter indgået mellem USA og Japan</elem>
		<elem lg="DE">A: US/Japan-Abkommen über Beschaffungen im Telekommunikationssektor</elem>
		<elem lg="EL">A: Συμφωνία Ηνωμένων Πολιτειών-Ιαπωνίας στον τομέα των τηλεπικοινωνιών</elem>
		<elem lg="EN">A: US/Japan agreement on telecommunications procurement</elem>
		<elem lg="ES">A: Acuerdo entre los Estados Unidos y Japón relativo a contratos en el sector de las telecomunicaciones</elem>
		<elem lg="ET">A: USA/Jaapani kokkulepe teleside hanke kohta</elem>
		<elem lg="FI">A: Yhdysvaltain ja Japanin välinen sopimus teleliikennealan hankinnoista</elem>
		<elem lg="FR">A: Accord Etats-Unis/Japon dans le secteur des télécommunications</elem>
		<elem lg="GA">A: Comhaontú idir na Stáit Aontaithe agus An tSeapáin ar sholáthar teileachumarsáide</elem>
		<elem lg="HR">A: Sporazum između SAD-a i Japana o nabavi u telekomunikacijama</elem>
		<elem lg="HU">A: Távközlésre irányuló közbeszerzési megállapodás az Egyesült Államok és Japán között</elem>
		<elem lg="IT">A: Accordo fra Stati Uniti d'America e Giappone per gli appalti nel settore delle telecomunicazioni</elem>
		<elem lg="LT">A: JAV ir Japonijos susitarimas dėl telekomunikacijų pirkimo</elem>
		<elem lg="LV">A: ASV/Japānas vienošanās par telekomunikāciju iepirkumu</elem>
		<elem lg="MT">A: Ftehim bejn il-US u l-Ġappun dwar il-ksib tat-telekomunikazzjoni</elem>
		<elem lg="NL">A: Overeenkomst tussen de VS en Japan inzake overheidsopdrachten voor telecommunicatie</elem>
		<elem lg="PL">A: Porozumienie między Stanami Zjednoczonymi a Japonią w sprawie zamówień w sektorze telekomunikacji</elem>
		<elem lg="PT">A: Acordo EUA/Japão para o fornecimento de telecomunicações</elem>
		<elem lg="RO">A: Acordul SUA/Japonia referitor la contractul de telecomunicaţii</elem>
		<elem lg="SK">A: Dohoda medzi USA a Japonskom o telekomunikačných obstarávaniach</elem>
		<elem lg="SL">A: Ameriško-japonski sporazum o naročilih telekomunikacij</elem>
		<elem lg="SV">A: Avtal mellan USA och Japan om upphandling av telekommunikationsteknik</elem>
	</RP>
	<RP code="B">
		<elem lg="BG">B: Европейско икономическо пространство (ЕИП), с участие на страни от GPA</elem>
		<elem lg="CS">B: Evropský hospodářský prostor (EEA), za účasti zemí GPA</elem>
		<elem lg="DA">B: Det Europæiske Økonomiske Samarbejdsområde (EØS), med deltagelse af WTO-lande</elem>
		<elem lg="DE">B: Europäischer Wirtschaftsraum (EWR), mit GPA-Beteiligung</elem>
		<elem lg="EL">B: Ευρωπαϊκός Οικονομικός Χώρος (ΕΟΧ), με συμμετοχή χωρών GPA</elem>
		<elem lg="EN">B: European Economic Area (EEA), with participation by GPA countries</elem>
		<elem lg="ES">B: Espacio Económico Europeo (EEE) con participación de países del ACP</elem>
		<elem lg="ET">B: Euroopa Majanduspiirkond (EMP) GPA riikide osalemisega</elem>
		<elem lg="FI">B: Euroopan talousalue (ETA) ja WTO-maat</elem>
		<elem lg="FR">B: Espace économique européen (EEE), avec participation pays AMP</elem>
		<elem lg="GA">B: Limistéar Eorpach Eacnamaíoch (LEE), le rannpháirtíocht ó thíortha GPA</elem>
		<elem lg="HR">B: Europski gospodarski prostor (EGP), uz sudjelovanje država GPA-a</elem>
		<elem lg="HU">B: Európai Gazdasági Térség (EGT) a GPA-országok részvételével</elem>
		<elem lg="IT">B: Spazio economico europeo (SEE), con partecipazione dei paesi AAP</elem>
		<elem lg="LT">B: Europos ekonominė erdvė (EEE), dalyvaujant GPA šalims</elem>
		<elem lg="LV">B: Eiropas Ekonomiskā zona (EEZ), piedaloties GPA valstīm</elem>
		<elem lg="MT">B: Zona Ekonomika Ewropea (ŻEE), bil-parteċipazzjoni tal-pajjiżi tal-FGK</elem>
		<elem lg="NL">B: Europese Economische Ruimte (EER), met GPA-deelname</elem>
		<elem lg="PL">B: Europejski Obszar Gospodarczy (EOG), z udziałem krajów GPA</elem>
		<elem lg="PT">B: Espaço Económico Europeu (EEE) - com participação dos países ACP</elem>
		<elem lg="RO">B: Zona Economică Europeană(EEA) cu participarea ţărilor membre GPA</elem>
		<elem lg="SK">B: Európsky hospodársky priestor (EHP), s účasťou krajín GPA</elem>
		<elem lg="SL">B: Evropsko gospodarsko področje (EGP) s soudeležbo držav članic GPA-a</elem>
		<elem lg="SV">B: Europeiska ekonomiska samarbetsområdet (EES) - inom ramen för GPA</elem>
	</RP>
	<RP code="C">
		<elem lg="BG">C: Споразумение за възлагане на правителствени поръчки между ЕО и САЩ</elem>
		<elem lg="CS">C: Dohoda o zadávání veřejných zakázek mezi ES a USA</elem>
		<elem lg="DA">C: EF-USA-aftale om offentlige kontrakter</elem>
		<elem lg="DE">C: EG-US-Abkommen über das öffentliche Beschaffungswesen</elem>
		<elem lg="EL">C: Συμφωνία ΕΚ-ΗΠΑ σχετικά με τις δημόσιες συμβάσεις</elem>
		<elem lg="EN">C: EC-US agreement on government procurement</elem>
		<elem lg="ES">C: Acuerdo entre la Comunidad Europea y los Estados Unidos relativo a los contratos públicos</elem>
		<elem lg="ET">C: EL-USA kokkulepe riigihangete kohta</elem>
		<elem lg="FI">C: n ja Yhdysvaltain välinen sopimus julkisista hankinnoista</elem>
		<elem lg="FR">C: Accord CE/États-Unis sur les marchés publics</elem>
		<elem lg="GA">C: Comhaontú CE-SA ar sholáthar rialtais</elem>
		<elem lg="HR">C: Sporazum o javnoj nabavi između EZ-a i SAD-a </elem>
		<elem lg="HU">C: Kormányzati beszerzésre vonatkozó megállapodás az Európai Közösség és az Egyesült Államok között</elem>
		<elem lg="IT">C: Accordo fra Comunità europee e Stati Uniti d'America sugli appalti pubblici</elem>
		<elem lg="LT">C: ES ir JAV susitarimas dėl viešųjų pirkimų</elem>
		<elem lg="LV">C: EK-ASV valsts pasūtījuma līgums</elem>
		<elem lg="MT">C: Ftehim bejn il-US u l-KE dwar il-ksib tal-gvern</elem>
		<elem lg="NL">C: Overeenkomst tussen de EG en de VS inzake overheidsopdrachten</elem>
		<elem lg="PL">C: Porozumienie między WE a Stanami Zjednoczonymi w sprawie zamówień rządowych</elem>
		<elem lg="PT">C: Acordo CE/EU relativo aos contratos de direito público</elem>
		<elem lg="RO">C: Acordul dintre CE şi SUA privind achiziţiile publice</elem>
		<elem lg="SK">C: Dohoda medzi ES a USA o vládnom obstarávaní</elem>
		<elem lg="SL">C: Sporazum med ES in ZDA o vladnih naročilih</elem>
		<elem lg="SV">C: Avtal mellan EG och USA om offentlig upphandling</elem>
	</RP>
	<RP code="S">
		<elem lg="BG">S: Споразумение между Европейските общности и Швейцарската конфедерация</elem>
		<elem lg="CS">S: Dohoda mezi Evropským společenstvím a Švýcarskou konfederací</elem>
		<elem lg="DA">S: Aftale mellem Det Europæiske Fællesskab og Det Schweiziske Forbund</elem>
		<elem lg="DE">S: Abkommen zwischen der Europäischen Gemeinschaft und der Schweizerischen Eidgenossenschaft</elem>
		<elem lg="EL">S: Συμφωνία μεταξύ της Ευρωπαϊκής Κοινότητας και της Ελβετικής συνομοσπονδίας</elem>
		<elem lg="EN">S: Agreement between the European Community and the Swiss Confederation</elem>
		<elem lg="ES">S: Acuerdo entre la Comunidad Europea y la Confederación Suiza</elem>
		<elem lg="ET">S: Euroopa Ühenduse ja Šveitsi Konföderatsiooni vaheline leping</elem>
		<elem lg="FI">S: Euroopan yhteisön ja Sveitsin valaliiton sopimus</elem>
		<elem lg="FR">S: Accord entre la Communauté européenne et la Confédération suisse</elem>
		<elem lg="GA">S: Comhaontú idir an Comhphobal Eorpach agus Cónaidhm na hEilvéise</elem>
		<elem lg="HR">S: Sporazum između Europske zajednice i Švicarske Konfederacije</elem>
		<elem lg="HU">S: Európai Közösség és Svájci Konföderáció közötti megállapodás</elem>
		<elem lg="IT">S: Accordo tra la Comunità europea e la Confederazione svizzera</elem>
		<elem lg="LT">S: Europos bendrijos ir Šveicarijos Konfederacijos susitarimas</elem>
		<elem lg="LV">S: Nolīgums starp Eiropas Kopienu un Šveices Konfederāciju</elem>
		<elem lg="MT">S: Ftehim bejn il-Komunità Ewropea u l-Konfederazzjoni Svizzera</elem>
		<elem lg="NL">S: Overeenkomst tussen de Europese Gemeenschap en de Zwitserse Bondsstaat</elem>
		<elem lg="PL">S: Porozumienie pomiędzy Wspólnotą Europejską a Konfederacją Szwajcarską</elem>
		<elem lg="PT">S: Acordo entre a Comunidade Europeia e a Confederação Suíça</elem>
		<elem lg="RO">S: Acordul dintre Comunitatea Europeanǎ şi Confederaţia elveţiană</elem>
		<elem lg="SK">S: Dohoda medzi Európskym spoločenstvom a Švajčiarskou konfederáciou</elem>
		<elem lg="SL">S: Sporazum med Evropsko skupnostjo in Švicarsko konfederacijo</elem>
		<elem lg="SV">S: Avtal mellan Europeiska gemenskapen och Schweiziska edsförbundet</elem>
	</RP>
	<RP code="Z">
		<elem lg="BG">Z: Не е уточнено</elem>
		<elem lg="CS">Z: Neurčeno</elem>
		<elem lg="DA">Z: Uspecificeret</elem>
		<elem lg="DE">Z: Unbestimmt</elem>
		<elem lg="EL">Z: Δεν διευκρινίζεται</elem>
		<elem lg="EN">Z: Not specified</elem>
		<elem lg="ES">Z: Sin especificar</elem>
		<elem lg="ET">Z: Ei ole määratletud</elem>
		<elem lg="FI">Z: Ei määritelty</elem>
		<elem lg="FR">Z: Non spécifié</elem>
		<elem lg="GA">Z: Neamhshonraithe</elem>
		<elem lg="HR">Z: Nije navedeno</elem>
		<elem lg="HU">Z: Nincs megjelölve</elem>
		<elem lg="IT">Z: Non specificato</elem>
		<elem lg="LT">Z: Nenurodyta</elem>
		<elem lg="LV">Z: Nav</elem>
		<elem lg="MT">Z: Mhux speċifikat</elem>
		<elem lg="NL">Z: Niet gespecificeerd</elem>
		<elem lg="PL">Z: Nie określono</elem>
		<elem lg="PT">Z: Não especificado</elem>
		<elem lg="RO">Z: Nu se specifică</elem>
		<elem lg="SK">Z: Neurčené</elem>
		<elem lg="SL">Z: Ni navedeno</elem>
		<elem lg="SV">Z: Ospecificerat</elem>
	</RP>
</MARKET_ORG>
