<?xml version="1.0" encoding="UTF-8"?>
<PROCEDURE>
	<PR code="1">
		<elem lg="BG">1: Открита процедура</elem>
		<elem lg="CS">1: Otevřené řízení</elem>
		<elem lg="DA">1: Offentligt udbud</elem>
		<elem lg="DE">1: Offenes Verfahren</elem>
		<elem lg="EL">1: Ανοικτή διαδικασία</elem>
		<elem lg="EN">1: Open procedure</elem>
		<elem lg="ES">1: Procedimiento abierto</elem>
		<elem lg="ET">1: Avatud menetlus</elem>
		<elem lg="FI">1: Avoin menettely</elem>
		<elem lg="FR">1: Procédure ouverte</elem>
		<elem lg="GA">1: Nós imeachta oscailte</elem>
		<elem lg="HR">1: Otvoreni postupak</elem>
		<elem lg="HU">1: Nyílt eljárás</elem>
		<elem lg="IT">1: Procedura aperta</elem>
		<elem lg="LT">1: Atviras konkursas</elem>
		<elem lg="LV">1: Atklāta procedūra</elem>
		<elem lg="MT">1: Proċedura miftuħa</elem>
		<elem lg="NL">1: Openbare procedure</elem>
		<elem lg="PL">1: Procedura otwarta</elem>
		<elem lg="PT">1: Concurso público</elem>
		<elem lg="RO">1: licitaţie deschisă</elem>
		<elem lg="SK">1: Verejná súťaž</elem>
		<elem lg="SL">1: Odprti postopek</elem>
		<elem lg="SV">1: Öppet förfarande</elem>
	</PR>
	<PR code="2">
		<elem lg="BG">2: Ограничена процедура</elem>
		<elem lg="CS">2: Omezené řízení</elem>
		<elem lg="DA">2: Begrænset udbud</elem>
		<elem lg="DE">2: Nicht offenes Verfahren</elem>
		<elem lg="EL">2: Κλειστή διαδικασία</elem>
		<elem lg="EN">2: Restricted procedure</elem>
		<elem lg="ES">2: Procedimiento restringido</elem>
		<elem lg="ET">2: Piiratud menetlus</elem>
		<elem lg="FI">2: Rajoitettu menettely</elem>
		<elem lg="FR">2: Procédure restreinte</elem>
		<elem lg="GA">2: Nós imeachta teoranta</elem>
		<elem lg="HR">2: Ograničeni postupak</elem>
		<elem lg="HU">2: Meghívásos eljárás</elem>
		<elem lg="IT">2: Procedura ristretta</elem>
		<elem lg="LT">2: Ribotas konkursas</elem>
		<elem lg="LV">2: Slēgta procedūra</elem>
		<elem lg="MT">2: Proċedura ristretta</elem>
		<elem lg="NL">2: Niet-openbare procedure</elem>
		<elem lg="PL">2: Procedura ograniczona</elem>
		<elem lg="PT">2: Concurso limitado</elem>
		<elem lg="RO">2: licitaţie restrânsă</elem>
		<elem lg="SK">2: Užšia súťaž</elem>
		<elem lg="SL">2: Omejeni postopek</elem>
		<elem lg="SV">2: Selektivt förfarande</elem>
	</PR>
	<PR code="3">
		<elem lg="BG">3: Ускорена ограничена процедура</elem>
		<elem lg="CS">3: Urychlené omezené řízení</elem>
		<elem lg="DA">3: Begrænset udbud i hasteprocedure</elem>
		<elem lg="DE">3: Beschleunigtes nicht offenes Verfahren</elem>
		<elem lg="EL">3: Ταχεία κλειστή διαδικασία</elem>
		<elem lg="EN">3: Accelerated restricted procedure</elem>
		<elem lg="ES">3: Procedimiento restringido acelerado</elem>
		<elem lg="ET">3: Kiirendatud piiratud menetlus</elem>
		<elem lg="FI">3: Nopeutettu rajoitettu menettely</elem>
		<elem lg="FR">3: Procédure restreinte accélérée</elem>
		<elem lg="GA">3: Nós imeachta teoranta luathaithe</elem>
		<elem lg="HR">3: Ubrzani ograničeni postupak</elem>
		<elem lg="HU">3: Gyorsított meghívásos eljárás</elem>
		<elem lg="IT">3: Procedura ristretta accelerata</elem>
		<elem lg="LT">3: Pagreitintas ribotas konkursas</elem>
		<elem lg="LV">3: Paātrināta slēgta procedūra</elem>
		<elem lg="MT">3: Proċedura ristretta mgħaġġla</elem>
		<elem lg="NL">3: Versnelde, niet-openbare procedure</elem>
		<elem lg="PL">3: Procedura przyspieszona ograniczona</elem>
		<elem lg="PT">3: Concurso limitado mediante procedimento acelerado</elem>
		<elem lg="RO">3: Procedură accelerată sau restrânsă</elem>
		<elem lg="SK">3: Užšia súťaž so skrátenými lehotami</elem>
		<elem lg="SL">3: Pospešeni omejeni postopek</elem>
		<elem lg="SV">3: Påskyndat selektivt förfarande</elem>
	</PR>
	<PR code="4">
		<elem lg="BG">4: Процедура на договаряне</elem>
		<elem lg="CS">4: Vyjednávací řízení</elem>
		<elem lg="DA">4: Udbud efter forhandling</elem>
		<elem lg="DE">4: Verhandlungsverfahren</elem>
		<elem lg="EL">4: Διαδικασία με διαπραγμάτευση</elem>
		<elem lg="EN">4: Negotiated procedure</elem>
		<elem lg="ES">4: Procedimiento negociado</elem>
		<elem lg="ET">4: Läbirääkimistega menetlus</elem>
		<elem lg="FI">4: Neuvottelumenettely</elem>
		<elem lg="FR">4: Procédure négociée</elem>
		<elem lg="GA">4: Nós imeachta caibidlithe</elem>
		<elem lg="HR">4: Postupak s pregovaranjem</elem>
		<elem lg="HU">4: Tárgyalásos eljárás</elem>
		<elem lg="IT">4: Procedura negoziata</elem>
		<elem lg="LT">4: Derybos</elem>
		<elem lg="LV">4: Sarunu procedūra</elem>
		<elem lg="MT">4: Proċedura nnegozjata</elem>
		<elem lg="NL">4: Procedure van gunning via onderhandelingen</elem>
		<elem lg="PL">4: Procedura negocjacyjna</elem>
		<elem lg="PT">4: Processo por negociação</elem>
		<elem lg="RO">4: Procedură de negociere</elem>
		<elem lg="SK">4: Rokovacie konanie</elem>
		<elem lg="SL">4: Postopek s pogajanji</elem>
		<elem lg="SV">4: Förhandlat förfarande</elem>
	</PR>
	<PR code="6">
		<elem lg="BG">6: Ускорена процедура на договаряне</elem>
		<elem lg="CS">6: Urychlené vyjednávací řízení</elem>
		<elem lg="DA">6: Udbud efter forhandling i hasteprocedure</elem>
		<elem lg="DE">6: Beschleunigtes Verhandlungsverfahren</elem>
		<elem lg="EL">6: Ταχεία διαδικασία με διαπραγμάτευση</elem>
		<elem lg="EN">6: Accelerated negotiated procedure</elem>
		<elem lg="ES">6: Procedimiento negociado acelerado</elem>
		<elem lg="ET">6: Kiirendatud läbirääkimistega menetlus</elem>
		<elem lg="FI">6: Nopeutettu neuvottelumenettely</elem>
		<elem lg="FR">6: Procédure négociée accélérée</elem>
		<elem lg="GA">6: Nós imeachta caibidlithe luathaithe</elem>
		<elem lg="HR">6: Ubrzani postupak s pregovaranjem</elem>
		<elem lg="HU">6: Gyorsított tárgyalásos eljárás</elem>
		<elem lg="IT">6: Procedura negoziata accelerata</elem>
		<elem lg="LT">6: Pagreitintos derybos</elem>
		<elem lg="LV">6: Paātrināta sarunu procedūra</elem>
		<elem lg="MT">6: Proċedura nnegozjata mgħaġġla</elem>
		<elem lg="NL">6: Versnelde procedure van gunning via onderhandelingen</elem>
		<elem lg="PL">6: Procedura przyspieszona negocjacyjna</elem>
		<elem lg="PT">6: Processo por negociação mediante procedimento acelerado</elem>
		<elem lg="RO">6: Procedură de negociere accelerată</elem>
		<elem lg="SK">6: Rokovacie konanie so skrátenými lehotami</elem>
		<elem lg="SL">6: Pospešeni postopek s pogajanji</elem>
		<elem lg="SV">6: Påskyndat förhandlat förfarande</elem>
	</PR>
	<PR code="8">
		<elem lg="BG">8: Друго</elem>
		<elem lg="CS">8: Jiné</elem>
		<elem lg="DA">8: Andre</elem>
		<elem lg="DE">8: Andere</elem>
		<elem lg="EL">8: Λοιπά</elem>
		<elem lg="EN">8: Other</elem>
		<elem lg="ES">8: Otra</elem>
		<elem lg="ET">8: Muu</elem>
		<elem lg="FI">8: Muut</elem>
		<elem lg="FR">8: Autres</elem>
		<elem lg="GA">8: Eile</elem>
		<elem lg="HR">8: Drugo</elem>
		<elem lg="HU">8: Egyéb</elem>
		<elem lg="IT">8: Altro</elem>
		<elem lg="LT">8: Kita</elem>
		<elem lg="LV">8: Citi</elem>
		<elem lg="MT">8: Ieħor</elem>
		<elem lg="NL">8: Andere</elem>
		<elem lg="PL">8: Inne</elem>
		<elem lg="PT">8: Outras</elem>
		<elem lg="RO">8: Altele</elem>
		<elem lg="SK">8: Iné</elem>
		<elem lg="SL">8: Drugo</elem>
		<elem lg="SV">8: Andra</elem>
	</PR>
	<PR code="9">
		<elem lg="BG">9: Не е приложимо</elem>
		<elem lg="CS">9: Nehodící se</elem>
		<elem lg="DA">9: Finder ikke anvendelse</elem>
		<elem lg="DE">9: Entfällt</elem>
		<elem lg="EL">9: Άνευ αντικειμένου</elem>
		<elem lg="EN">9: Not applicable</elem>
		<elem lg="ES">9: No procede</elem>
		<elem lg="ET">9: Ei kohaldata</elem>
		<elem lg="FI">9: Ei sovelleta</elem>
		<elem lg="FR">9: Sans objet</elem>
		<elem lg="GA">9: Neamhbhainteach</elem>
		<elem lg="HR">9: Ne primjenjuje se</elem>
		<elem lg="HU">9: Nem alkalmazható</elem>
		<elem lg="IT">9: Non applicabile</elem>
		<elem lg="LT">9: Netaikoma</elem>
		<elem lg="LV">9: Nav</elem>
		<elem lg="MT">9: Ma japplikax</elem>
		<elem lg="NL">9: Niet van toepassing</elem>
		<elem lg="PL">9: Nie dotyczy</elem>
		<elem lg="PT">9: Não consta</elem>
		<elem lg="RO">9: Nu se aplică</elem>
		<elem lg="SK">9: Neuplatniteľné</elem>
		<elem lg="SL">9: Ni primerno</elem>
		<elem lg="SV">9: Ej tillämpligt</elem>
	</PR>
	<PR code="A">
		<elem lg="BG">A: Пряко възлагане</elem>
		<elem lg="CS">A: Přímé udělení smlouvy</elem>
		<elem lg="DA">A: Direkte tildeling</elem>
		<elem lg="DE">A: Direktvergabe</elem>
		<elem lg="EL">A: Απευθείας ανάθεση</elem>
		<elem lg="EN">A: Direct award</elem>
		<elem lg="ES">A: Adjudicación directa</elem>
		<elem lg="ET">A: Otselepingu sõlmimine</elem>
		<elem lg="FI">A: Sopimuksen tekeminen ilman tarjouskilpailua</elem>
		<elem lg="FR">A: Attribution directe</elem>
		<elem lg="GA">A: Dámhachtain dhíreach</elem>
		<elem lg="HR">A: Izravna dodjela</elem>
		<elem lg="HU">A: Közvetlen odaítélés</elem>
		<elem lg="IT">A: Aggiudicazione diretta</elem>
		<elem lg="LT">A: Tiesioginis sutarties sudarymas</elem>
		<elem lg="LV">A: Tieša piešķiršana</elem>
		<elem lg="MT">A: Għoti dirett</elem>
		<elem lg="NL">A: Onderhandse gunning</elem>
		<elem lg="PL">A: Bezpośrednie udzielenie zamówienia</elem>
		<elem lg="PT">A: Adjudicação por ajuste direto</elem>
		<elem lg="RO">A: Atribuire directă</elem>
		<elem lg="SK">A: Priame zadanie</elem>
		<elem lg="SL">A: Neposredna sklenitev</elem>
		<elem lg="SV">A: Direkttilldelning</elem>
	</PR>
	<PR code="C">
		<elem lg="BG">C: Конкурсен диалог</elem>
		<elem lg="CS">C: Soutěžní dialog</elem>
		<elem lg="DA">C: Konkurrencepræget dialog</elem>
		<elem lg="DE">C: Wettbewerblicher Dialog</elem>
		<elem lg="EL">C: Ανταγωνιστικός διάλογος</elem>
		<elem lg="EN">C: Competitive dialogue</elem>
		<elem lg="ES">C: Diálogo competitivo</elem>
		<elem lg="ET">C: Võistlev dialoog</elem>
		<elem lg="FI">C: Kilpailullinen neuvottelumenettely</elem>
		<elem lg="FR">C: Dialogue compétitif</elem>
		<elem lg="GA">C: Caidreamh iomaíoch</elem>
		<elem lg="HR">C: Natjecateljski dijalog</elem>
		<elem lg="HU">C: Versenypárbeszéd</elem>
		<elem lg="IT">C: Dialogo competitivo</elem>
		<elem lg="LT">C: Konkurencinis dialogas</elem>
		<elem lg="LV">C: Konkursa dialogs</elem>
		<elem lg="MT">C: Djalogu kompetittiv</elem>
		<elem lg="NL">C: Concurrentiegerichte dialoog</elem>
		<elem lg="PL">C: Dialog konkurencyjny</elem>
		<elem lg="PT">C: Diálogo concorrencial</elem>
		<elem lg="RO">C: Dialog competitiv</elem>
		<elem lg="SK">C: Súťažný dialog</elem>
		<elem lg="SL">C: Konkurenčni dialog</elem>
		<elem lg="SV">C: Konkurrenspräglad dialog</elem>
	</PR>
	<PR code="T">
		<elem lg="BG">T: Процедура на договаряне без публикуване на обявление за поръчка</elem>
		<elem lg="CS">T: Jednací řízení bez předchozí výzvy k účasti v soutěži</elem>
		<elem lg="DA">T: Udbud med forhandling uden forudgående offentliggørelse</elem>
		<elem lg="DE">T: Verhandlungsverfahren ohne Aufruf zum Wettbewerb</elem>
		<elem lg="EL">T: Διαδικασία με διαπραγμάτευση χωρίς προκήρυξη διαγωνισμού</elem>
		<elem lg="EN">T: Negotiated procedure without a call for competition</elem>
		<elem lg="ES">T: Procedimiento negociado sin convocatoria de licitación</elem>
		<elem lg="ET">T: Väljakuulutamiseta läbirääkimistega hankemenetlus</elem>
		<elem lg="FI">T: Neuvottelumenettely ilman edeltävää tarjouskilpailukutsua</elem>
		<elem lg="FR">T: Procédure négociée sans mise en concurrence</elem>
		<elem lg="GA">T: Nós imeachta idirbheartaithe gan glaoch ar thairiscintí a fhoilsiú roimh ré</elem>
		<elem lg="HR">T: Pregovarački postupak bez poziva na nadmetanje</elem>
		<elem lg="HU">T: Tárgyalásos eljárás hirdetmény közzététele nélkül</elem>
		<elem lg="IT">T: Procedura negoziata senza previa indizione di gara</elem>
		<elem lg="LT">T: Derybos be kvietimo dalyvauti konkurse</elem>
		<elem lg="LV">T: Sarunu procedūra bez iepirkuma izsludināšanas</elem>
		<elem lg="MT">T: Proċedura negozjata mingħajr sejħa għal kompetizzjoni</elem>
		<elem lg="NL">T: Onderhandelingsprocedure zonder een oproep tot mededinging</elem>
		<elem lg="PL">T: Procedura negocjacyjna bez publikacji ogłoszenia o zamówieniu</elem>
		<elem lg="PT">T: Procedimento de negociação sem abertura prévia de concurso</elem>
		<elem lg="RO">T: Procedură de negociere fără publicarea prealabilă a unui anunț de participare</elem>
		<elem lg="SK">T: Rokovacie konanie bez predchádzajúcej výzvy na súťaž</elem>
		<elem lg="SL">T: Postopek s pogajanji brez javnega razpisa</elem>
		<elem lg="SV">T: Förhandlat förfarande utan meddelande om upphandling</elem>
	</PR>
	<PR code="V">
		<elem lg="BG">V: Възлагане на поръчка без предварително обявление</elem>
		<elem lg="CS">V: Udělení zakázky bez předchozího zveřejnění</elem>
		<elem lg="DA">V: Tildeling af kontrakt uden forudgående offentliggørelse</elem>
		<elem lg="DE">V: Auftragsvergabe ohne vorherige Bekanntmachung</elem>
		<elem lg="EL">V: Ανάθεση σύμβασης χωρίς προηγούμενη δημοσίευση</elem>
		<elem lg="EN">V: Contract award without prior publication</elem>
		<elem lg="ES">V: Adjudicación de contrato sin publicación previa</elem>
		<elem lg="ET">V: Väljakuulutamiseta lepingu sõlmimine</elem>
		<elem lg="FI">V: Hankintasopimuksen teko julkaisematta ilmoitusta ennakolta</elem>
		<elem lg="FR">V: Attribution de marché sans publication préalable</elem>
		<elem lg="GA">V: Conradh a bhronnadh gan glaoch roimh ré</elem>
		<elem lg="HR">V: Dodjela ugovora bez prethodne objave</elem>
		<elem lg="HU">V: Szerződés odaítélése előzetes közzététel nélkül</elem>
		<elem lg="IT">V: Aggiudicazione del contratto senza pubblicazione preliminare</elem>
		<elem lg="LT">V: Sutarties skyrimas be išankstinio skelbimo paskelbimo</elem>
		<elem lg="LV">V: Līguma slēgšanas tiesību piešķiršana bez iepriekšējas publicēšanas</elem>
		<elem lg="MT">V: Għoti tal-kuntratt mingħajr pubblikazzjoni minn qabel</elem>
		<elem lg="NL">V: Gunning van een opdracht zonder voorafgaande bekendmaking</elem>
		<elem lg="PL">V: Udzielenie zamówienia bez uprzedniej publikacji</elem>
		<elem lg="PT">V: Adjudicação de um contrato sem publicação prévia</elem>
		<elem lg="RO">V: Atribuire a contractului fără publicare prealabilă</elem>
		<elem lg="SK">V: Zadanie zákazky bez predchádzajúceho uverejnenia</elem>
		<elem lg="SL">V: Oddaja naročila brez predhodne objave</elem>
		<elem lg="SV">V: Kontraktstilldelning utan föregående meddelande</elem>
	</PR>
	<PR code="Z">
		<elem lg="BG">Z: Не е уточнено</elem>
		<elem lg="CS">Z: Neurčeno</elem>
		<elem lg="DA">Z: Uspecificeret</elem>
		<elem lg="DE">Z: Unbestimmt</elem>
		<elem lg="EL">Z: Δεν διευκρινίζεται</elem>
		<elem lg="EN">Z: Not specified</elem>
		<elem lg="ES">Z: Sin especificar</elem>
		<elem lg="ET">Z: Ei ole määratletud</elem>
		<elem lg="FI">Z: Ei määritelty</elem>
		<elem lg="FR">Z: Non spécifié</elem>
		<elem lg="GA">Z: Neamhshonraithe</elem>
		<elem lg="HR">Z: Nije navedeno</elem>
		<elem lg="HU">Z: Nincs megjelölve</elem>
		<elem lg="IT">Z: Non specificato</elem>
		<elem lg="LT">Z: Nenurodyta</elem>
		<elem lg="LV">Z: Nav</elem>
		<elem lg="MT">Z: Mhux speċifikat</elem>
		<elem lg="NL">Z: Niet gespecificeerd</elem>
		<elem lg="PL">Z: Nie określono</elem>
		<elem lg="PT">Z: Não especificado</elem>
		<elem lg="RO">Z: Nu se specifică</elem>
		<elem lg="SK">Z: Neurčené</elem>
		<elem lg="SL">Z: Ni navedeno</elem>
		<elem lg="SV">Z: Ospecificerat</elem>
	</PR>
</PROCEDURE>
