<?xml version="1.0" encoding="UTF-8"?>
<TY_TYPE_BID>
	<TY code="1">
		<elem lg="BG">1: Кандидатстване за всички лотове</elem>
		<elem lg="CS">1: Podání nabídky pro všechny části</elem>
		<elem lg="DA">1: Indsendelse gældende for alle delaftaler</elem>
		<elem lg="DE">1: Angebot für alle Lose</elem>
		<elem lg="EL">1: Υποβολή για όλες τις παρτίδες</elem>
		<elem lg="EN">1: Submission for all lots</elem>
		<elem lg="ES">1: Oferta para todos los lotes</elem>
		<elem lg="ET">1: Pakkumus kõigi osade kohta</elem>
		<elem lg="FI">1: Tarjous koskee kaikkia eriä</elem>
		<elem lg="FR">1: Soumission pour tous les lots</elem>
		<elem lg="GA">1: Aighneacht le haghaidh gach baisce</elem>
		<elem lg="HR">1: Podnošenje ponude za sve lotove</elem>
		<elem lg="HU">1: Benyújtás valamennyi tétel vonatkozásában</elem>
		<elem lg="IT">1: Presentazione di un'offerta per tutti i lotti</elem>
		<elem lg="LT">1: Paraiška dėl visų dalių</elem>
		<elem lg="LV">1: Piedāvājums visām lotēm</elem>
		<elem lg="MT">1: Sottomissjoni għal-lottijiet kollha</elem>
		<elem lg="NL">1: Inschrijving voor alle percelen</elem>
		<elem lg="PL">1: Wniosek dotyczący wszystkich partii</elem>
		<elem lg="PT">1: Apresentação de uma proposta relativa a todos os lotes</elem>
		<elem lg="RO">1: Prezentare ofertă pentru toate loturile</elem>
		<elem lg="SK">1: Ponuka pre všetky časti</elem>
		<elem lg="SL">1: Ponudba za vse sklope</elem>
		<elem lg="SV">1: Anbud på alla delar</elem>
	</TY>
	<TY code="2">
		<elem lg="BG">2: Кандидатстване само за един лот</elem>
		<elem lg="CS">2: Podání nabídky pouze pro jednu část</elem>
		<elem lg="DA">2: Indsendelse gældende en enkelt delaftale</elem>
		<elem lg="DE">2: Angebot ausschließlich für ein Los</elem>
		<elem lg="EL">2: Υποβολή για μία μόνο παρτίδα</elem>
		<elem lg="EN">2: Submission for one lot only</elem>
		<elem lg="ES">2: Oferta para un único lote</elem>
		<elem lg="ET">2: Pakkumus ainult ühe osa kohta</elem>
		<elem lg="FI">2: Tarjous koskee yhtä erää</elem>
		<elem lg="FR">2: Soumission pour un lot uniquement</elem>
		<elem lg="GA">2: Aighneacht le haghaidh aon bhaisc amháin</elem>
		<elem lg="HR">2: Podnošenje ponude samo za jedan lot</elem>
		<elem lg="HU">2: Benyújtás egy tétel vonatkozásában</elem>
		<elem lg="IT">2: Presentazione di un'offerta per un solo lotto</elem>
		<elem lg="LT">2: Paraiška dėl vienos dalies</elem>
		<elem lg="LV">2: Piedāvājums tikai vienai lotei</elem>
		<elem lg="MT">2: Sottomissjoni għal lott wieħed biss</elem>
		<elem lg="NL">2: Inschrijving voor één perceel</elem>
		<elem lg="PL">2: Wniosek dotyczący tylko jednej partii</elem>
		<elem lg="PT">2: Apresentação de uma proposta relativa a um único lote</elem>
		<elem lg="RO">2: Prezentare ofertă pentru un singur lot</elem>
		<elem lg="SK">2: Ponuka len pre jednu časť</elem>
		<elem lg="SL">2: Ponudba za posamezni sklop</elem>
		<elem lg="SV">2: Anbud på enbart en del</elem>
	</TY>
	<TY code="3">
		<elem lg="BG">3: Предприятие за комунални услуги</elem>
		<elem lg="CS">3: Podání nabídky pro jednu nebo více částí</elem>
		<elem lg="DA">3: Indsendelse gældende for én eller flere delaftaler</elem>
		<elem lg="DE">3: Angebot für ein oder mehrere Los(e)</elem>
		<elem lg="EL">3: Υποβολή για μία ή περισσότερες παρτίδες</elem>
		<elem lg="EN">3: Submission for one or more lots</elem>
		<elem lg="ES">3: Oferta para uno o varios lotes</elem>
		<elem lg="ET">3: Pakkumus ühe või mitme osa kohta</elem>
		<elem lg="FI">3: Tarjous koskee vähintään yhtä erää</elem>
		<elem lg="FR">3: Soumission pour un ou plusieurs lots</elem>
		<elem lg="GA">3: Aighneacht le haghaidh baisc amháin nó níos mó</elem>
		<elem lg="HR">3: Podnošenje ponude za jedan lot ili više njih</elem>
		<elem lg="HU">3: Benyújtás egy vagy több tétel vonatkozásában</elem>
		<elem lg="IT">3: Presentazione di un'offerta per uno o più lotti</elem>
		<elem lg="LT">3: Paraiška dėl vienos ar daugiau dalių</elem>
		<elem lg="LV">3: Piedāvājums vienai vai vairākām lotēm</elem>
		<elem lg="MT">3: Sottomissjoni għal lott wieħed jew iktar</elem>
		<elem lg="NL">3: Submission for one or more lots</elem>
		<elem lg="PL">3: Wniosek dotyczący jednej lub większej liczby partii</elem>
		<elem lg="PT">3: Apresentação de uma proposta relativa a um ou mais lotes</elem>
		<elem lg="RO">3: Prezentare ofertă pentru unul sau mai multe loturi</elem>
		<elem lg="SK">3: Ponuka pre jednu alebo viac častí</elem>
		<elem lg="SL">3: Ponudba za posamezni sklop ali več sklopov</elem>
		<elem lg="SV">3: Anbud på en eller flera delar</elem>
	</TY>
	<TY code="8">
		<elem lg="BG">8: Друго</elem>
		<elem lg="CS">8: Jiné</elem>
		<elem lg="DA">8: Andre</elem>
		<elem lg="DE">8: Andere</elem>
		<elem lg="EL">8: Λοιπά</elem>
		<elem lg="EN">8: Other</elem>
		<elem lg="ES">8: Otra</elem>
		<elem lg="ET">8: Muu</elem>
		<elem lg="FI">8: Muut</elem>
		<elem lg="FR">8: Autres</elem>
		<elem lg="GA">8: Eile</elem>
		<elem lg="HR">8: Drugo</elem>
		<elem lg="HU">8: Egyéb</elem>
		<elem lg="IT">8: Altro</elem>
		<elem lg="LT">8: Kita</elem>
		<elem lg="LV">8: Citi</elem>
		<elem lg="MT">8: Ieħor</elem>
		<elem lg="NL">8: Andere</elem>
		<elem lg="PL">8: Inne</elem>
		<elem lg="PT">8: Outras</elem>
		<elem lg="RO">8: Altele</elem>
		<elem lg="SK">8: Iné</elem>
		<elem lg="SL">8: Drugo</elem>
		<elem lg="SV">8: Andra</elem>
	</TY>
	<TY code="9">
		<elem lg="BG">9: Не е приложимо</elem>
		<elem lg="CS">9: Nehodící se</elem>
		<elem lg="DA">9: Finder ikke anvendelse</elem>
		<elem lg="DE">9: Entfällt</elem>
		<elem lg="EL">9: Άνευ αντικειμένου</elem>
		<elem lg="EN">9: Not applicable</elem>
		<elem lg="ES">9: No procede</elem>
		<elem lg="ET">9: Ei kohaldata</elem>
		<elem lg="FI">9: Ei sovelleta</elem>
		<elem lg="FR">9: Sans objet</elem>
		<elem lg="GA">9: Neamhbhainteach</elem>
		<elem lg="HR">9: Ne primjenjuje se</elem>
		<elem lg="HU">9: Nem alkalmazható</elem>
		<elem lg="IT">9: Non applicabile</elem>
		<elem lg="LT">9: Negalioja</elem>
		<elem lg="LV">9: Netiek piemērots</elem>
		<elem lg="MT">9: Mhux applikabbli</elem>
		<elem lg="NL">9: Niet van toepassing</elem>
		<elem lg="PL">9: Nie dotyczy</elem>
		<elem lg="PT">9: Não consta</elem>
		<elem lg="RO">9: Nu se aplică</elem>
		<elem lg="SK">9: Nehodiace sa</elem>
		<elem lg="SL">9: Ni znano</elem>
		<elem lg="SV">9: Ingen uppgift</elem>
	</TY>
	<TY code="Z">
		<elem lg="BG">Z: Не е уточнено</elem>
		<elem lg="CS">Z: Neurčeno</elem>
		<elem lg="DA">Z: Uspecificeret</elem>
		<elem lg="DE">Z: Unbestimmt</elem>
		<elem lg="EL">Z: Δεν διευκρινίζεται</elem>
		<elem lg="EN">Z: Not specified</elem>
		<elem lg="ES">Z: Sin especificar</elem>
		<elem lg="ET">Z: Ei ole määratletud</elem>
		<elem lg="FI">Z: Ei määritelty</elem>
		<elem lg="FR">Z: Non spécifié</elem>
		<elem lg="GA">Z: Neamhshonraithe</elem>
		<elem lg="HR">Z: Nije navedeno</elem>
		<elem lg="HU">Z: Nincs megjelölve</elem>
		<elem lg="IT">Z: Non specificato</elem>
		<elem lg="LT">Z: Nenurodyta</elem>
		<elem lg="LV">Z: Nav</elem>
		<elem lg="MT">Z: Mhux speċifikat</elem>
		<elem lg="NL">Z: Niet gespecificeerd</elem>
		<elem lg="PL">Z: Nie określono</elem>
		<elem lg="PT">Z: Não especificado</elem>
		<elem lg="RO">Z: Nu se specifică</elem>
		<elem lg="SK">Z: Neurčené</elem>
		<elem lg="SL">Z: Ni navedeno</elem>
		<elem lg="SV">Z: Ospecificerat</elem>
	</TY>
</TY_TYPE_BID>
