<?xml version="1.0" encoding="UTF-8"?>
<SECTOR>
	<AA code="1">
		<elem lg="BG">1: Министерство или всякакъв друг национален или федерален орган</elem>
		<elem lg="CS">1: Ministerstvo nebo jiný národní či federální orgán včetně jejich organizačních složek</elem>
		<elem lg="DA">1: Ministerium eller anden myndighed på nationalt plan eller forbundsplan</elem>
		<elem lg="DE">1: Ministerium oder sonstige zentral- oder bundesstaatliche Behörde</elem>
		<elem lg="EL">1: Υπουργείο ή άλλη εθνική ή ομοσπονδιακή αρχή</elem>
		<elem lg="EN">1: Ministry or any other national or federal authority</elem>
		<elem lg="ES">1: Ministerio o cualquier otra institución nacional o federal</elem>
		<elem lg="ET">1: Ministeerium või mõni muu riiklik või födreaalne ametiasutus</elem>
		<elem lg="FI">1: Ministeriö tai muu kansallinen tai liittovaltiotason viranomainen</elem>
		<elem lg="FR">1: Ministère ou toute autre autorité nationale ou fédérale</elem>
		<elem lg="GA">1: Aireacht nó aon údarás náisiúnta nó feidearálach eile</elem>
		<elem lg="HR">1: Ministarstvo ili neko drugo nacionalno ili savezno tijelo vlasti</elem>
		<elem lg="HU">1: Minisztérium vagy egyéb nemzeti vagy szövetségi hatóság</elem>
		<elem lg="IT">1: Ministero o qualsiasi altra autorità nazionale o federale</elem>
		<elem lg="LT">1: Ministerija ar kuri nors kita nacionalinės ar federacinės valdžios institucija</elem>
		<elem lg="LV">1: Ministerija ar kuri nors kita nacionalinės ar federacinės valdžios institucija</elem>
		<elem lg="MT">1: Ministeru jew awtorità oħra nazzjonali jew federali, inklużi d-diviżjonijiet tagħhom reġjonali jew lokali</elem>
		<elem lg="NL">1: Ministerie of elke andere nationale of federale instantie</elem>
		<elem lg="PL">1: Ministerstwo lub inny organ państwowy lub federalny</elem>
		<elem lg="PT">1: Ministério ou outra autoridade nacional ou federal</elem>
		<elem lg="RO">1: Minister sau orice altă autoritate naţională sau federală</elem>
		<elem lg="SK">1: Ministerstvo alebo iný štátny alebo federálny orgán</elem>
		<elem lg="SL">1: Ministrstvo ali kateri koli drugi nacionalni ali zvezni organ</elem>
		<elem lg="SV">1: Ministerium eller annan central</elem>
	</AA>
	<AA code="2">
		<elem lg="BG">2: Въоръжени сили</elem>
		<elem lg="CS">2: Ozbrojené síly</elem>
		<elem lg="DA">2: Forsvaret</elem>
		<elem lg="DE">2: Armee</elem>
		<elem lg="EL">2: Ένοπλες δυνάμεις</elem>
		<elem lg="EN">2: Armed forces</elem>
		<elem lg="ES">2: Fuerzas armadas</elem>
		<elem lg="ET">2: Relvajõud</elem>
		<elem lg="FI">2: Puolustusvoimat</elem>
		<elem lg="FR">2: Armée</elem>
		<elem lg="GA">2: Fórsaí armtha</elem>
		<elem lg="HR">2: Oružane snage</elem>
		<elem lg="HU">2: Fegyveres erők</elem>
		<elem lg="IT">2: Esercito</elem>
		<elem lg="LT">2: Ginkluotosios pajėgos</elem>
		<elem lg="LV">2: Bruņotie spēki</elem>
		<elem lg="MT">2: Forzi armati</elem>
		<elem lg="NL">2: Leger</elem>
		<elem lg="PL">2: Siły zbrojne</elem>
		<elem lg="PT">2: Forças armadas</elem>
		<elem lg="RO">2: Forţe armate</elem>
		<elem lg="SK">2: Ozbrojené sily</elem>
		<elem lg="SL">2: Oborožene sile</elem>
		<elem lg="SV">2: Försvarssektorn</elem>
	</AA>
	<AA code="3">
		<elem lg="BG">3: Регионален или местен орган</elem>
		<elem lg="CS">3: Místní orgány</elem>
		<elem lg="DA">3: Lokale myndigheder</elem>
		<elem lg="DE">3: Körperschaften</elem>
		<elem lg="EL">3: Τοπικές αρχές</elem>
		<elem lg="EN">3: Regional or local authority</elem>
		<elem lg="ES">3: Administración local</elem>
		<elem lg="ET">3: Kohalikud omavalitsused</elem>
		<elem lg="FI">3: Alue- ja paikallishallinnon viranomaiset</elem>
		<elem lg="FR">3: Collectivités</elem>
		<elem lg="GA">3: Údarás réigiúnach nó áitiúil</elem>
		<elem lg="HR">3: Jedinice lokalne ili regionalne samouprave</elem>
		<elem lg="HU">3: Helyi hatóságok</elem>
		<elem lg="IT">3: Collettività</elem>
		<elem lg="LT">3: Vietos valdžios institucijos</elem>
		<elem lg="LV">3: Vietējās pašvaldības</elem>
		<elem lg="MT">3: Awtoritajiet lokali</elem>
		<elem lg="NL">3: Regionale/lokale overheid</elem>
		<elem lg="PL">3: Władze lokalne</elem>
		<elem lg="PT">3: Poder local</elem>
		<elem lg="RO">3: Autoritate regională sau locală</elem>
		<elem lg="SK">3: Miestne orgány</elem>
		<elem lg="SL">3: Lokalne oblasti</elem>
		<elem lg="SV">3: Regionala/lokala myndigheter</elem>
	</AA>
	<AA code="4">
		<elem lg="BG">4: Предприятие за комунални услуги</elem>
		<elem lg="CS">4: Subjekt veřejných služeb</elem>
		<elem lg="DA">4: Forsyningsvirksomhed</elem>
		<elem lg="DE">4: Versorgungsunternehmen</elem>
		<elem lg="EL">4: Φορέας κοινής ωφελείας</elem>
		<elem lg="EN">4: Utilities entity</elem>
		<elem lg="ES">4: Entidad de servicios y suministros públicos</elem>
		<elem lg="ET">4: Kommunaalettevõtja</elem>
		<elem lg="FI">4: Yleishyödyllisten palvelujen alalla toimiva yksikkö</elem>
		<elem lg="FR">4: Service d'utilité publique</elem>
		<elem lg="GA">4: Fóntas</elem>
		<elem lg="HR">4: Pružatelj komunalnih usluga</elem>
		<elem lg="HU">4: Közüzemi szolgáltató</elem>
		<elem lg="IT">4: Servizio di pubblica utilità</elem>
		<elem lg="LT">4: Komunalines paslaugas teikiantis subjektas</elem>
		<elem lg="LV">4: Sabiedrisko pakalpojumu sniedzējs</elem>
		<elem lg="MT">4: Entità tal-utilitajiet</elem>
		<elem lg="NL">4: Nutsbedrijf</elem>
		<elem lg="PL">4: Podmiot działający w sektorze użyteczności publicznej</elem>
		<elem lg="PT">4: Entidade de serviços de utilidade pública</elem>
		<elem lg="RO">4: Serviciu de utilități publice</elem>
		<elem lg="SK">4: Subjekt poskytujúci verejné služby</elem>
		<elem lg="SL">4: Gospodarska javna služba</elem>
		<elem lg="SV">4: Allmännyttigt företag</elem>
	</AA>
	<AA code="5">
		<elem lg="BG">5: Европейска институция/агенция или международна организация</elem>
		<elem lg="CS">5: Evropská instituce/agentura nebo mezinárodní organizace</elem>
		<elem lg="DA">5: Europæisk institution/agentur eller international organisation</elem>
		<elem lg="DE">5: Europäische Institution/Agentur oder internationale Organisation</elem>
		<elem lg="EL">5: Ευρωπαϊκό θεσμικό όργανο/οργανισμός ή διεθνής οργανισμός</elem>
		<elem lg="EN">5: European Institution/Agency or International Organisation</elem>
		<elem lg="ES">5: Institución/organismo descentralizado europeo u organización internacional</elem>
		<elem lg="ET">5: Euroopa Liidu institutsioon või rahvusvaheline organisatsioon</elem>
		<elem lg="FI">5: n toimielin/virasto tai kansainvälinen organisaatio</elem>
		<elem lg="FR">5: Institution/agence européenne ou organisation internationale</elem>
		<elem lg="GA">5: Institiúid/Gníomhaireacht Eorpach nó Eagraíocht Idirnáisiúnta</elem>
		<elem lg="HR">5: Europska institucija/agencija ili međunarodna organizacija</elem>
		<elem lg="HU">5: Európai intézmény/ügynökség vagy nemzetközi szervezet</elem>
		<elem lg="IT">5: Istituzione/agenzia europea o organizzazione internazionale</elem>
		<elem lg="LT">5: Europos institucija arba agentūra ar tarptautinė organizacija</elem>
		<elem lg="LV">5: Eiropas institūcija/aģentūra vai starptautiska organizācija</elem>
		<elem lg="MT">5: Istituzzjoni/Aġenzija Ewropea jew Organizzazzjoni Internazzjonali</elem>
		<elem lg="NL">5: Europese instelling/Europees agentschap of internationale organisatie</elem>
		<elem lg="PL">5: Instytucja/agencja europejska lub organizacja międzynarodowa</elem>
		<elem lg="PT">5: Instituição Europeia/Agência ou organização internacional</elem>
		<elem lg="RO">5: Instituţie/agenţie europeană sau organizaţie internaţională</elem>
		<elem lg="SK">5: Európska inštitúcia/agentúra alebo medzinárodná organizácia</elem>
		<elem lg="SL">5: Evropska institucija/agencija ali mednarodna organizacija</elem>
		<elem lg="SV">5: EU-institution/organ eller internationell organisation</elem>
	</AA>
	<AA code="6">
		<elem lg="BG">6: Орган на подчинение на публичното право</elem>
		<elem lg="CS">6: Veřejnoprávní instituce</elem>
		<elem lg="DA">6: Offentligretligt organ</elem>
		<elem lg="DE">6: Einrichtung des öffentlichen Rechts</elem>
		<elem lg="EL">6: Φορέας δημοσίου δικαίου</elem>
		<elem lg="EN">6: Body governed by public law</elem>
		<elem lg="ES">6: Organismo de derecho público</elem>
		<elem lg="ET">6: Muu avalik-õiguslik juriidiline isik</elem>
		<elem lg="FI">6: Julkisoikeudellinen laitos</elem>
		<elem lg="FR">6: Organisme de droit public</elem>
		<elem lg="GA">6: Comhlacht faoi rialú an dlí phoiblí</elem>
		<elem lg="HR">6: Osoba javnog prava</elem>
		<elem lg="HU">6: Közintézmény</elem>
		<elem lg="IT">6: Organismo di diritto pubblico</elem>
		<elem lg="LT">6: Viešąja teise reguliuojama įstaiga</elem>
		<elem lg="LV">6: Publisko tiesību subjekts</elem>
		<elem lg="MT">6: Entità kkontrollata bil-liġi pubblika</elem>
		<elem lg="NL">6: Publiekrechtelijke instelling</elem>
		<elem lg="PL">6: Podmiot prawa publicznego</elem>
		<elem lg="PT">6: Organismo de direito público</elem>
		<elem lg="RO">6: Organism de drept public</elem>
		<elem lg="SK">6: Organizácia riadená verejným právom</elem>
		<elem lg="SL">6: Oseba javnega prava</elem>
		<elem lg="SV">6: Offentligrättsligt organ</elem>
	</AA>
	<AA code="8">
		<elem lg="BG">8: Друго</elem>
		<elem lg="CS">8: Jiné</elem>
		<elem lg="DA">8: Andre</elem>
		<elem lg="DE">8: Andere</elem>
		<elem lg="EL">8: Λοιπά</elem>
		<elem lg="EN">8: Other</elem>
		<elem lg="ES">8: Otra</elem>
		<elem lg="ET">8: Muu</elem>
		<elem lg="FI">8: Muut</elem>
		<elem lg="FR">8: Autres</elem>
		<elem lg="GA">8: Eile</elem>
		<elem lg="HR">8: Drugo</elem>
		<elem lg="HU">8: Egyéb</elem>
		<elem lg="IT">8: Altro</elem>
		<elem lg="LT">8: Kita</elem>
		<elem lg="LV">8: Citi</elem>
		<elem lg="MT">8: Ieħor</elem>
		<elem lg="NL">8: Andere</elem>
		<elem lg="PL">8: Inne</elem>
		<elem lg="PT">8: Outras</elem>
		<elem lg="RO">8: Altele</elem>
		<elem lg="SK">8: Iné</elem>
		<elem lg="SL">8: Drugo</elem>
		<elem lg="SV">8: Andra</elem>
	</AA>
	<AA code="9">
		<elem lg="BG">9: Не е приложимо</elem>
		<elem lg="CS">9: Nehodící se</elem>
		<elem lg="DA">9: Finder ikke anvendelse</elem>
		<elem lg="DE">9: Entfällt</elem>
		<elem lg="EL">9: Άνευ αντικειμένου</elem>
		<elem lg="EN">9: Not applicable</elem>
		<elem lg="ES">9: No procede</elem>
		<elem lg="ET">9: Ei kohaldata</elem>
		<elem lg="FI">9: Ei sovelleta</elem>
		<elem lg="FR">9: Sans objet</elem>
		<elem lg="GA">9: Neamhbhainteach</elem>
		<elem lg="HR">9: Ne primjenjuje se</elem>
		<elem lg="HU">9: Nem alkalmazható</elem>
		<elem lg="IT">9: Non applicabile</elem>
		<elem lg="LT">9: Netaikoma</elem>
		<elem lg="LV">9: Nav</elem>
		<elem lg="MT">9: Ma japplikax</elem>
		<elem lg="NL">9: Niet van toepassing</elem>
		<elem lg="PL">9: Nie dotyczy</elem>
		<elem lg="PT">9: Não consta</elem>
		<elem lg="RO">9: Nu se aplică</elem>
		<elem lg="SK">9: Neuplatniteľné</elem>
		<elem lg="SL">9: Ni primerno</elem>
		<elem lg="SV">9: Ej tillämpligt</elem>
	</AA>
	<AA code="N">
		<elem lg="BG">N: Национална или федерална агенция/служба</elem>
		<elem lg="CS">N: Národní či federální úřad /agentura</elem>
		<elem lg="DA">N: Nationalt kontor eller forbundskontor</elem>
		<elem lg="DE">N: Agentur/Amt auf zentral- oder bundesstaatlicher Ebene</elem>
		<elem lg="EL">N: Εθνική ή ομοσπονδιακή Υπηρεσία /Γραφείο</elem>
		<elem lg="EN">N: National or federal Agency/Office</elem>
		<elem lg="ES">N: Oficina/entidad nacional o federal</elem>
		<elem lg="ET">N: Valitsusasutuse hallatav riigiasutus</elem>
		<elem lg="FI">N: Kansallinen tai liittovaltiotason virasto/laitos</elem>
		<elem lg="FR">N: Agence/office national(e) ou fédéral(e)</elem>
		<elem lg="GA">N: Oifig/Gníomhaireacht náisiúnta nó fheidearálach</elem>
		<elem lg="HR">N: Nacionalna ili savezna agencija/ured</elem>
		<elem lg="HU">N: Nemzeti vagy szövetségi iroda/hivatal</elem>
		<elem lg="IT">N: Agenzia/ufficio nazionale o federale</elem>
		<elem lg="LT">N: Nacionalinė ar federacinė tarnyba ar biuras</elem>
		<elem lg="LV">N: Valsts vai federāla aģentūra/birojs</elem>
		<elem lg="MT">N: Aġenzija/Uffiċju nazzjonali jew federali</elem>
		<elem lg="NL">N: Nationaal of federaal agentschap/bureau</elem>
		<elem lg="PL">N: Agencja/Biuro krajowe lub federalne</elem>
		<elem lg="PT">N: Agência/órgão nacional ou federal</elem>
		<elem lg="RO">N: Agenţie/birou naţional sau federal</elem>
		<elem lg="SK">N: Štátna alebo federálna agentúra/úrad</elem>
		<elem lg="SL">N: Nacionalna ali zvezna agencija/urad</elem>
		<elem lg="SV">N: Statligt verk</elem>
	</AA>
	<AA code="R">
		<elem lg="BG">R: Регионална или местна агенция/служба</elem>
		<elem lg="CS">R: Regionální či místní úřad /agentura</elem>
		<elem lg="DA">R: Regionalt eller lokalt kontor</elem>
		<elem lg="DE">R: Agentur/Amt auf regionaler oder lokaler Ebene</elem>
		<elem lg="EL">R: Περιφερειακή ή τοπική Υπηρεσία /Γραφείο</elem>
		<elem lg="EN">R: Regional or local Agency/Office</elem>
		<elem lg="ES">R: Oficina/entidad regional o local</elem>
		<elem lg="ET">R: Linna- või valla ametiasutuse hallatav asutus</elem>
		<elem lg="FI">R: Alue- tai paikallistason virasto/laitos</elem>
		<elem lg="FR">R: Agence/office régional(e) ou local(e</elem>
		<elem lg="GA">R: Oifig/Gníomhaireacht réigiúnach nó áitiúil</elem>
		<elem lg="HR">R: Regionalne ili lokalne agencije/uredi</elem>
		<elem lg="HU">R: Regionális vagy helyi iroda/hivatal</elem>
		<elem lg="IT">R: Agenzia/ufficio regionale o locale</elem>
		<elem lg="LT">R: Regiono ar vietos tarnyba ar biuras</elem>
		<elem lg="LV">R: Reģionāla vai vietēja aģentūra/birojs</elem>
		<elem lg="MT">R: Aġenzija/Uffiċju reġjonali jew lokali</elem>
		<elem lg="NL">R: Regionaal of lokaal agentschap/bureau</elem>
		<elem lg="PL">R: Agencja/Biuro regionalne lub lokalne</elem>
		<elem lg="PT">R: Agência/órgão nacional ou local</elem>
		<elem lg="RO">R: Agenţie/birou regional sau local</elem>
		<elem lg="SK">R: Regionálna alebo miestna agentúra/úrad</elem>
		<elem lg="SL">R: Regionalna ali lokalna agencija/urad</elem>
		<elem lg="SV">R: Regionalt eller lokalt organ</elem>
	</AA>
	<AA code="Z">
		<elem lg="BG">Z: Не е уточнено</elem>
		<elem lg="CS">Z: Neurčeno</elem>
		<elem lg="DA">Z: Uspecificeret</elem>
		<elem lg="DE">Z: Unbestimmt</elem>
		<elem lg="EL">Z: Δεν διευκρινίζεται</elem>
		<elem lg="EN">Z: Not specified</elem>
		<elem lg="ES">Z: Sin especificar</elem>
		<elem lg="ET">Z: Ei ole määratletud</elem>
		<elem lg="FI">Z: Ei määritelty</elem>
		<elem lg="FR">Z: Non spécifié</elem>
		<elem lg="GA">Z: Neamhshonraithe</elem>
		<elem lg="HR">Z: Nije navedeno</elem>
		<elem lg="HU">Z: Nincs megjelölve</elem>
		<elem lg="IT">Z: Non specificato</elem>
		<elem lg="LT">Z: Nenurodyta</elem>
		<elem lg="LV">Z: Nav</elem>
		<elem lg="MT">Z: Mhux speċifikat</elem>
		<elem lg="NL">Z: Niet gespecificeerd</elem>
		<elem lg="PL">Z: Nie określono</elem>
		<elem lg="PT">Z: Não especificado</elem>
		<elem lg="RO">Z: Nu se specifică</elem>
		<elem lg="SK">Z: Neurčené</elem>
		<elem lg="SL">Z: Ni navedeno</elem>
		<elem lg="SV">Z: Ospecificerat</elem>
	</AA>
</SECTOR>
